"DUSG-001-L-Blue_",0
"DUSG-001-L-Brown",0
"DUSG-001-M-Blue",0
"DUSG-001-M-Brown",0
"DUSG-001-S-Blue",0
"DUSG-001-S-Brown",0
"DUSG-001-XL-Blue",0
"DUSG-001-XL-Brown",0
"DUSG-002-10-Blue",0
"DUSG-002-10-Brown",0
"DUSG-002-12-Blue",0
"DUSG-002-12-Brown",0
"DUSG-002-8-Blue",0
"DUSG-002-8-Brown",0
"DUSG-003-L-Olive",0
"DUSG-003-M-Olive",0
"DUSG-003-S-Olive",0
"DUSG-003-XL-Olive",0
"DUSG-004-10-Olive",0
"DUSG-004-12-Olive",0
"DUSG-004-8-Olive",0
"DUSG-005-L-Aqua_Blue",0
"DUSG-005-L-Beige",0
"DUSG-005-M-Aqua_Blue",0
"DUSG-005-M-Beige",0
"DUSG-005-S-Aqua_Blue",0
"DUSG-005-S-Beige",0
"DUSG-005-XL-Aqua_Blue",0
"DUSG-005-XL-Beige",0
"DUSG-006-L-Beige_All_over_printed",0
"DUSG-006-M-Beige_All_over_printed",0
"DUSG-006-S-Beige_All_over_printed",0
"DUSG-006-XL-Beige_All_over_printed",0
"DUSG-007-10-Beige_All_over_printed",0
"DUSG-007-12-Beige_All_over_printed",0
"DUSG-007-8-Beige_All_over_printed",0
"DUSG-008-L-Olive_All_over_printed",8
"DUSG-008-M-Olive_All_over_printed",13
"DUSG-008-S-Olive_All_over_printed",0
"DUSG-008-XL-Olive_All_over_printed",0
"DUSG-009-10-Olive",0
"DUSG-009-10-Olive_All_over_printed",0
"DUSG-009-12-Olive",0
"DUSG-009-12-Olive_All_over_printed",0
"DUSG-009-8-Olive",0
"DUSG-009-8-Olive_All_over_printed",5
"DUSG-010-L-Red",3
"DUSG-010-L-Yellow",2
"DUSG-010-M-Red",0
"DUSG-010-M-Yellow",0
"DUSG-010-S-Red",1
"DUSG-010-S-Yellow",0
"DUSG-010-XL-Red",0
"DUSG-010-XL-Yellow",0
"DUSG-011-L-Yellow",11
"DUSG-011-M-Yellow",10
"DUSG-011-S-Yellow",0
"DUSG-011-XL-Yellow",0
"DUSG-012-L-Cappuccino",0
"DUSG-012-L-Olive",0
"DUSG-012-L-Rust",0
"DUSG-012-M-Cappuccino",0
"DUSG-012-M-Olive",0
"DUSG-012-M-Rust",0
"DUSG-012-S-Cappuccino",0
"DUSG-012-S-Olive",0
"DUSG-012-S-Rust",0
"DUSG-012-XL-Cappuccino",0
"DUSG-012-XL-Olive",0
"DUSG-012-XL-Rust",0
"DUSG-012-XXL-Cappuccino",0
"DUSG-012-XXL-Olive",0
"DUSG-012-XXL-Rust",0
"DUSG-013-L-Cappuccino",0
"DUSG-013-L-Olive",0
"DUSG-013-M-Cappuccino",0
"DUSG-013-M-Olive",0
"DUSG-013-S-Cappuccino",0
"DUSG-013-S-Olive",0
"DUSG-013-XL-Cappuccino",0
"DUSG-013-XL-Olive",0
"DUSG-014-L-Beige",0
"DUSG-014-L-Olive",0
"DUSG-014-M-Beige",0
"DUSG-014-M-Olive",0
"DUSG-014-S-Beige",0
"DUSG-014-S-Olive",0
"DUSG-014-XL-Beige",0
"DUSG-014-XL-Olive",0
"DUSG-015-L-Camel",0
"DUSG-015-L-Multi_colour",0
"DUSG-015-M-Camel",0
"DUSG-015-M-Multi_colour",0
"DUSG-015-S-Camel",0
"DUSG-015-S-Multi_colour",0
"DUSG-015-XL-Camel",0
"DUSG-015-XL-Multi_colour",2
"DUSG-016-10-Multi_colour",0
"DUSG-016-12-Multi_colour",0
"DUSG-016-8-Multi_colour",0
"DUSG-017-L-Multi_colour",0
"DUSG-017-M-Multi_colour",0
"DUSG-017-S-Multi_colour",0
"DUSG-017-XL-Multi_colour",0
"DUSG-018-10-Multi_colour",0
"DUSG-018-12-Multi_colour",0
"DUSG-018-8-Multi_colour",0
"DUSG-019-10-Ocean_Blue",0
"DUSG-019-6-Ocean_Blue",0
"DUSG-019-8-Ocean_Blue",0
"DUSG-020-L-Cappuccino",0
"DUSG-020-L-Mineral_Blue",0
"DUSG-020-M-Cappuccino",0
"DUSG-020-M-Mineral_Blue",0
"DUSG-020-S-Cappuccino",0
"DUSG-020-S-Mineral_Blue",0
"DUSG-020-XL-Cappuccino",0
"DUSG-020-XL-Mineral_Blue",0
"DUSG-021-10-Mineral_Blue",0
"DUSG-021-12-Mineral_Blue",0
"DUSG-021-8-Mineral_Blue",0
"DUSG-022-L-Natural",0
"DUSG-022-M-Natural",0
"DUSG-022-S-Natural",0
"DUSG-022-XL-Natural",0
"DUSG-023-10-Natural",0
"DUSG-023-12-Natural",0
"DUSG-023-8-Natural",0
"DUSG-024-L-Cappuccino",0
"DUSG-024-M-Cappuccino",0
"DUSG-024-S-Cappuccino",0
"DUSG-024-XL-Cappuccino",0
"DUSG-025-L-Cappuccino",0
"DUSG-025-M-Cappuccino",0
"DUSG-025-S-Cappuccino",0
"DUSG-025-XL-Cappuccino",0
"DUSG-026-L-Beige_All_over_printed",0
"DUSG-026-M-Beige_All_over_printed",0
"DUSG-026-S-Beige_All_over_printed",0
"DUSG-026-XL-Beige_All_over_printed",0
"DUSG-027-L-Natural",0
"DUSG-027-M-Natural",0
"DUSG-027-S-Natural",0
"DUSG-027-XL-Natural",0
"DUSG-028-L-Beige",2
"DUSG-028-M-Beige",1
"DUSG-028-S-Beige",0
"DUSG-028-XL-Beige",9
"DUSG-029-L-Beige",0
"DUSG-029-L-Olive",0
"DUSG-029-M-Beige",0
"DUSG-029-M-Olive",0
"DUSG-029-S-Beige",0
"DUSG-029-S-Olive",0
"DUSG-029-XL-Beige",0
"DUSG-029-XL-Olive",0
"DUSG-030-10-Beige",0
"DUSG-030-12-Beige",0
"DUSG-030-8-Beige",0
"DUSG-031-L-Green",0
"DUSG-031-L-Natural",0
"DUSG-031-M-Green",0
"DUSG-031-M-Natural",0
"DUSG-031-S-Green",0
"DUSG-031-S-Natural",0
"DUSG-031-XL-Green",0
"DUSG-031-XL-Natural",0
"DUSG-032-L-Green",0
"DUSG-032-L-Natural",0
"DUSG-032-M-Green",0
"DUSG-032-M-Natural",0
"DUSG-032-S-Green",0
"DUSG-032-S-Natural",0
"DUSG-032-XL-Green",0
"DUSG-032-XL-Natural",0
"DUSG-033-L-Brown_All_over_printed",15
"DUSG-033-L-Olive",1
"DUSG-033-M-Brown_All_over_printed",14
"DUSG-033-M-Olive",22
"DUSG-033-S-Brown_All_over_printed",0
"DUSG-033-S-Olive",0
"DUSG-033-XL-Brown_All_over_printed",0
"DUSG-033-XL-Olive",0
"DUSG-034-10-Brown_All_over_printed",0
"DUSG-034-10-Olive",0
"DUSG-034-12-Brown_All_over_printed",0
"DUSG-034-12-Olive",6
"DUSG-034-8-Brown_All_over_printed",0
"DUSG-034-8-Olive",0
"DUSG-035-L-Brown",2
"DUSG-035-L-Olive",0
"DUSG-035-M-Brown",8
"DUSG-035-M-Olive",0
"DUSG-035-S-Brown",0
"DUSG-035-S-Olive",0
"DUSG-035-XL-Brown",1
"DUSG-035-XL-Olive",0
"DUSG-036-10-Brown",0
"DUSG-036-10-Olive",0
"DUSG-036-12-Brown",0
"DUSG-036-12-Olive",0
"DUSG-036-8-Brown",0
"DUSG-036-8-Olive",0
"DUSG-037-L-Brown",0
"DUSG-037-L-Olive",0
"DUSG-037-M-Brown",0
"DUSG-037-M-Olive",0
"DUSG-037-S-Brown",0
"DUSG-037-S-Olive",0
"DUSG-037-XL-Brown",0
"DUSG-037-XL-Olive",0
"DUSG-038-10-Brown",0
"DUSG-038-10-Olive",0
"DUSG-038-12-Brown",0
"DUSG-038-12-Olive",0
"DUSG-038-8-Brown",0
"DUSG-038-8-Olive",0
"DUSG-039-L-Multicolour",0
"DUSG-039-M-Multicolour",0
"DUSG-039-S-Multicolour",0
"DUSG-039-XL-Multicolour",0
"DUSG-040-L-Multicolour",0
"DUSG-040-M-Multicolour",0
"DUSG-040-S-Multicolour",0
"DUSG-040-XL-Multicolour",0
"DUSG-041-L-Aqua",4
"DUSG-041-L-Natural",0
"DUSG-041-M-Aqua",2
"DUSG-041-M-Natural",1
"DUSG-041-S-Aqua",0
"DUSG-041-S-Natural",2
"DUSG-041-XL-Aqua",0
"DUSG-041-XL-Natural",2
"DUSG-041-XXL-Aqua",0
"DUSG-041-XXL-Natural",1
"DUSG-042-L-Aqua",24
"DUSG-042-L-Narutal",1
"DUSG-042-M-Aqua",7
"DUSG-042-M-Narutal",3
"DUSG-042-S-Aqua",0
"DUSG-042-S-Narutal",2
"DUSG-042-XL-Aqua",1
"DUSG-042-XL-Narutal",3
"DUSG-042-XXL-Aqua",2
"DUSG-042-XXL-Narutal",9
"DUSG-043-L-Coral",10
"DUSG-043-L-Natural",2
"DUSG-043-M-Coral",4
"DUSG-043-M-Natural",2
"DUSG-043-S-Coral",0
"DUSG-043-S-Natural",0
"DUSG-043-XL-Coral",0
"DUSG-043-XL-Natural",0
"DUSG-043-XXL-Coral",0
"DUSG-043-XXL-Natural",0
"DUSG-044-L-Coral",29
"DUSG-044-L-Natural",19
"DUSG-044-M-Coral",10
"DUSG-044-M-Natural",13
"DUSG-044-S-Coral",0
"DUSG-044-S-Natural",0
"DUSG-044-XL-Coral",4
"DUSG-044-XL-Natural",5
"DUSG-044-XXL-Coral",14
"DUSG-044-XXL-Natural",13
"DUSG-045-L-Natural",0
"DUSG-045-M-Natural",0
"DUSG-045-XL-Natural",0
"DUSG-046-L-Blue_-_All_over_Printed",0
"DUSG-046-M-Blue_-_All_over_Printed",0
"DUSG-046-XL-Blue_-_All_over_Printed",1
"DUSG-047-L-Beetroot",6
"DUSG-047-L-Linen",15
"DUSG-047-L-Methi",0
"DUSG-047-L-Natural",0
"DUSG-047-L-Pudina",0
"DUSG-047-M-Beetroot",0
"DUSG-047-M-Linen",0
"DUSG-047-M-Methi",0
"DUSG-047-M-Natural",0
"DUSG-047-M-Pudina",0
"DUSG-047-XL-Beetroot",12
"DUSG-047-XL-Linen",15
"DUSG-047-XL-Methi",0
"DUSG-047-XL-Natural",0
"DUSG-047-XL-Pudina",0
"DUSG-048-L-Natural",0
"DUSG-048-M-Natural",0
"DUSG-048-S-Natural",0
"DUSG-048-XL-Natural",0
"DUSG-048-XXL-Natural",0
"DUSG-049-L-Red_",0
"DUSG-049-M-Red_",0
"DUSG-049-S-Red_",0
"DUSG-049-XL-Red_",0
"DUSG-049-XXL-Red_",0
"DUSG-050-L-Golden_Brown",10
"DUSG-050-L-Rose_Cloud",10
"DUSG-050-M-Golden_Brown",7
"DUSG-050-M-Rose_Cloud",11
"DUSG-050-S-Golden_Brown",1
"DUSG-050-S-Rose_Cloud",0
"DUSG-050-XL-Golden_Brown",1
"DUSG-050-XL-Rose_Cloud",3
"DUSG-050-XXL-Golden_Brown",0
"DUSG-050-XXL-Rose_Cloud",7
"DUSG-051-10-Golden_Brown",6
"DUSG-051-10-Rose_Cloud",6
"DUSG-051-12-Golden_Brown",6
"DUSG-051-12-Rose_Cloud",4
"DUSG-051-4-Golden_Brown",0
"DUSG-051-4-Rose_Cloud",2
"DUSG-051-6-Golden_Brown",0
"DUSG-051-6-Rose_Cloud",1
"DUSG-051-8-Golden_Brown",0
"DUSG-051-8-Rose_Cloud",7
"DUSG-052-L-String",0
"DUSG-052-L-True_Navy",0
"DUSG-052-M-String",0
"DUSG-052-M-True_Navy",0
"DUSG-052-S-String",0
"DUSG-052-S-True_Navy",0
"DUSG-052-XL-String",0
"DUSG-052-XL-True_Navy",0
"DUSG-052-XXL-String",0
"DUSG-052-XXL-True_Navy",0
"DUSG-053-10-String",8
"DUSG-053-10-True_Navy",6
"DUSG-053-12-String",7
"DUSG-053-4-String",4
"DUSG-053-4-True_Navy",0
"DUSG-053-6-String",4
"DUSG-053-6-True_Navy",2
"DUSG-053-8-String",0
"DUSG-053-8-True_Navy",1
"DUSG-054-L-Natural",8
"DUSG-054-L-New_Wheat",0
"DUSG-054-M-Natural",9
"DUSG-054-M-New_Wheat",0
"DUSG-054-S-Natural",2
"DUSG-054-S-New_Wheat",0
"DUSG-054-XL-Natural",13
"DUSG-054-XL-New_Wheat",0
"DUSG-054-XXL-Natural",7
"DUSG-054-XXL-New_Wheat",1
"DUSG-055-10-Natural",0
"DUSG-055-10-New_Wheat",0
"DUSG-055-12-Natural",0
"DUSG-055-12-New_Wheat",0
"DUSG-055-4-Natural",0
"DUSG-055-4-New_Wheat",0
"DUSG-055-6-Natural",0
"DUSG-055-6-New_Wheat",0
"DUSG-055-8-Natural",0
"DUSG-055-8-New_Wheat",0
"DUSG-056-L-Green_Moss",0
"DUSG-056-L-Sierra",0
"DUSG-056-M-Green_Moss",0
"DUSG-056-M-Sierra",0
"DUSG-056-S-Green_Moss",0
"DUSG-056-S-Sierra",0
"DUSG-056-XL-Green_Moss",0
"DUSG-056-XL-Sierra",0
"DUSG-056-XXL-Green_Moss",0
"DUSG-056-XXL-Sierra",0
"DUSG-057-10-Green_Moss",0
"DUSG-057-10-Sierra",0
"DUSG-057-12-Green_Moss",0
"DUSG-057-12-Sierra",0
"DUSG-057-4-Green_Moss",0
"DUSG-057-4-Sierra",0
"DUSG-057-6-Green_Moss",0
"DUSG-057-6-Sierra",0
"DUSG-057-8-Green_Moss",0
"DUSG-057-8-Sierra",0
"DUSG-058-L-Aqua",0
"DUSG-058-L-Endive",0
"DUSG-058-M-Aqua",0
"DUSG-058-M-Endive",0
"DUSG-058-S-Aqua",0
"DUSG-058-S-Endive",0
"DUSG-058-XL-Aqua",0
"DUSG-058-XL-Endive",0
"DUSG-058-XXL-Aqua",0
"DUSG-058-XXL-Endive",0
"DUSG-059-10-Aqua",0
"DUSG-059-10-Endive",0
"DUSG-059-12-Aqua",0
"DUSG-059-12-Endive",0
"DUSG-059-4-Aqua",0
"DUSG-059-4-Endive",0
"DUSG-059-6-Aqua",0
"DUSG-059-6-Endive",0
"DUSG-059-8-Aqua",0
"DUSG-059-8-Endive",0
"DUSG-060-L-Adobe",0
"DUSG-060-L-Beige",0
"DUSG-060-M-Adobe",0
"DUSG-060-M-Beige",0
"DUSG-060-S-Adobe",0
"DUSG-060-S-Beige",0
"DUSG-060-XL-Adobe",0
"DUSG-060-XL-Beige",0
"DUSG-060-XXL-Adobe",0
"DUSG-061-10-Adobe",5
"DUSG-061-10-Beige",8
"DUSG-061-12-Adobe",4
"DUSG-061-12-Beige",7
"DUSG-061-4-Adobe",1
"DUSG-061-4-Beige",6
"DUSG-061-6-Adobe",1
"DUSG-061-6-Beige",0
"DUSG-061-8-Adobe",3
"DUSG-061-8-Beige",6
"DUSG-062-L-Wine_Testing",1
"DUSG-062-L-Yolk_Yellow",7
"DUSG-062-M-Wine_Testing",0
"DUSG-062-M-Yolk_Yellow",0
"DUSG-062-S-Wine_Testing",0
"DUSG-062-S-Yolk_Yellow",0
"DUSG-062-XL-Wine_Testing",2
"DUSG-062-XL-Yolk_Yellow",3
"DUSG-062-XXL-Wine_Testing",5
"DUSG-062-XXL-Yolk_Yellow",3
"DUSG-063-10-Wine_Testing",6
"DUSG-063-10-Yolk_Yellow",8
"DUSG-063-12-Wine_Testing",9
"DUSG-063-12-Yolk_Yellow",2
"DUSG-063-4-Wine_Testing",0
"DUSG-063-4-Yolk_Yellow",0
"DUSG-063-6-Wine_Testing",0
"DUSG-063-6-Yolk_Yellow",1
"DUSG-063-8-Wine_Testing",0
"DUSG-063-8-Yolk_Yellow",0
"DUSG-064-L-Beach_Sand",3
"DUSG-064-L-Pale_Banana",16
"DUSG-064-M-Beach_Sand",4
"DUSG-064-M-Pale_Banana",18
"DUSG-064-S-Beach_Sand",0
"DUSG-064-S-Pale_Banana",0
"DUSG-064-XL-Beach_Sand",0
"DUSG-064-XL-Pale_Banana",0
"DUSG-064-XXL-Beach_Sand",0
"DUSG-064-XXL-Pale_Banana",2
"DUSG-065-10-Beach_Sand",4
"DUSG-065-10-Pale_Banana",7
"DUSG-065-12-Beach_Sand",12
"DUSG-065-12-Pale_Banana",0
"DUSG-065-4-Beach_Sand",2
"DUSG-065-4-Pale_Banana",1
"DUSG-065-6-Beach_Sand",3
"DUSG-065-6-Pale_Banana",5
"DUSG-065-8-Beach_Sand",3
"DUSG-065-8-Pale_Banana",7
"DUSG-066-L-Bamboo",17
"DUSG-066-L-Beige",4
"DUSG-066-M-Bamboo",0
"DUSG-066-M-Beige",0
"DUSG-066-S-Bamboo",0
"DUSG-066-S-Beige",0
"DUSG-066-XL-Bamboo",3
"DUSG-066-XL-Beige",0
"DUSG-066-XXL-Bamboo",2
"DUSG-066-XXL-Beige",0
"DUSG-067-10-Bamboo",0
"DUSG-067-10-Beige",0
"DUSG-067-12-Bamboo",0
"DUSG-067-12-Beige",0
"DUSG-067-4-Bamboo",0
"DUSG-067-4-Beige",0
"DUSG-067-6-Bamboo",0
"DUSG-067-6-Beige",0
"DUSG-067-8-Bamboo",0
"DUSG-067-8-Beige",0
"DUSG-068-L-Blue_Haze",7
"DUSG-068-L-Lobster_Bisque",6
"DUSG-068-M-Blue_Haze",4
"DUSG-068-M-Lobster_Bisque",3
"DUSG-068-S-Blue_Haze",0
"DUSG-068-S-Lobster_Bisque",2
"DUSG-068-XL-Blue_Haze",2
"DUSG-068-XL-Lobster_Bisque",2
"DUSG-068-XXL-Blue_Haze",1
"DUSG-068-XXL-Lobster_Bisque",1
"DUSG-069-10-Blue_Haze",0
"DUSG-069-10-Lobster_Bisque",5
"DUSG-069-12-Blue_Haze",0
"DUSG-069-12-Lobster_Bisque",3
"DUSG-069-4-Blue_Haze",0
"DUSG-069-4-Lobster_Bisque",0
"DUSG-069-6-Blue_Haze",0
"DUSG-069-6-Lobster_Bisque",2
"DUSG-069-8-Blue_Haze",0
"DUSG-069-8-Lobster_Bisque",2
"DUSG-070-L-Green_Blue_Slate",1
"DUSG-070-L-Jester_Red",0
"DUSG-070-M-Green_Blue_Slate",0
"DUSG-070-M-Jester_Red",0
"DUSG-070-S-Green_Blue_Slate",0
"DUSG-070-S-Jester_Red",0
"DUSG-070-XL-Green_Blue_Slate",6
"DUSG-070-XL-Jester_Red",0
"DUSG-070-XXL-Green_Blue_Slate",7
"DUSG-070-XXL-Jester_Red",0
"DUSG-071-10-Green_Blue_Slate",0
"DUSG-071-10-Jester_Red",0
"DUSG-071-12-Green_Blue_Slate",0
"DUSG-071-12-Jester_Red",0
"DUSG-071-4-Green_Blue_Slate",0
"DUSG-071-4-Jester_Red",0
"DUSG-071-6-Green_Blue_Slate",0
"DUSG-071-6-Jester_Red",0
"DUSG-071-8-Green_Blue_Slate",0
"DUSG-071-8-Jester_Red",0
"DUSG-072-L-Burgundy",19
"DUSG-072-L-Ocean_Depth",14
"DUSG-072-M-Burgundy",2
"DUSG-072-M-Ocean_Depth",0
"DUSG-072-S-Burgundy",2
"DUSG-072-S-Ocean_Depth",2
"DUSG-072-XL-Burgundy",11
"DUSG-072-XL-Ocean_Depth",1
"DUSG-072-XXL-Burgundy",2
"DUSG-072-XXL-Ocean_Depth",2
"DUSG-073-10-Burgundy",8
"DUSG-073-10-Ocean_Depth",4
"DUSG-073-12-Burgundy",7
"DUSG-073-12-Ocean_Depth",5
"DUSG-073-4-Burgundy",0
"DUSG-073-4-Ocean_Depth",0
"DUSG-073-6-Burgundy",0
"DUSG-073-6-Ocean_Depth",7
"DUSG-073-8-Burgundy",0
"DUSG-073-8-Ocean_Depth",23
"DUSG-074-L-Natural",13
"DUSG-074-M-Natural",0
"DUSG-074-XL-Natural",5
"DUSG-074-XXL-Natural",5
"DUSG-075-L-New_Wheat",25
"DUSG-075-M-New_Wheat",3
"DUSG-075-S-New_Wheat",0
"DUSG-075-XL-New_Wheat",24
"DUSG-075-XXL-New_Wheat",26
"DUSG-076-L-New_Wheat",6
"DUSG-076-M-New_Wheat",1
"DUSG-076-S-New_Wheat",0
"DUSG-076-XL-New_Wheat",9
"DUSG-076-XXL-New_Wheat",16
"DUSG-077-L-Endive",34
"DUSG-077-M-Endive",6
"DUSG-077-S-Endive",0
"DUSG-077-XL-Endive",27
"DUSG-077-XXL-Endive",18
"DUSG-078-L-Endive",31
"DUSG-078-M-Endive",14
"DUSG-078-S-Endive",0
"DUSG-078-XL-Endive",18
"DUSG-078-XXL-Endive",32
"DUSG-079-L-Endive",16
"DUSG-079-L-Green_Moss",12
"DUSG-079-L-True_Navy",1
"DUSG-079-M-Endive",3
"DUSG-079-M-Green_Moss",1
"DUSG-079-M-True_Navy",2
"DUSG-079-XL-Endive",3
"DUSG-079-XL-Green_Moss",0
"DUSG-079-XL-True_Navy",3
"DUSG-079-XXL-Endive",3
"DUSG-079-XXL-Green_Moss",4
"DUSG-079-XXL-True_Navy",4
"DUSG-080-L-Natural",2
"DUSG-080-M-Natural",0
"DUSG-080-S-Natural",1
"DUSG-080-XL-Natural",1
"DUSG-080-XXL-Natural",4
"DUSG-081-L-Natural",0
"DUSG-081-M-Natural",0
"DUSG-081-S-Natural",0
"DUSG-081-XL-Natural",0
"DUSG-081-XXL-Natural",0
"DUSG-082-L-Natural",0
"DUSG-082-M-Natural",0
"DUSG-082-S-Natural",2
"DUSG-082-XL-Natural",0
"DUSG-082-XXL-Natural",0
"DUSG-083-10-Natural",7
"DUSG-083-12-Natural",10
"DUSG-083-4-Natural",1
"DUSG-083-6-Natural",1
"DUSG-083-8-Natural",24
"DUSG-084-L-Natural",0
"DUSG-084-M-Natural",0
"DUSG-084-S-Natural",0
"DUSG-084-XL-Natural",0
"DUSG-084-XXL-Natural",0
"DUSG-085-L-Natural",13
"DUSG-085-M-Natural",0
"DUSG-085-S-Natural",0
"DUSG-085-XL-Natural",16
"DUSG-085-XXL-Natural",0
"DUSG-086-L-Natural",0
"DUSG-086-M-Natural",0
"DUSG-086-S-Natural",0
"DUSG-086-XL-Natural",0
"DUSG-086-XXL-Natural",0
"DUSG-087-L-Natural",1
"DUSG-087-M-Natural",0
"DUSG-087-S-Natural",0
"DUSG-087-XL-Natural",13
"DUSG-087-XXL-Natural",0
"DUSG-088-L-Pink",24
"DUSG-088-M-Pink",21
"DUSG-088-XL-Pink",13
"DUSG-088-XXL-Pink",2
"DUSG-088-XXXL-Pink",1
"DUSG-089-L-Grey",31
"DUSG-089-L-Purple",31
"DUSG-089-M-Grey",24
"DUSG-089-M-Purple",10
"DUSG-089-XL-Grey",38
"DUSG-089-XL-Purple",15
"DUSG-089-XXL-Grey",21
"DUSG-089-XXL-Purple",19
"DUSG-089-XXXL-Grey",14
"DUSG-089-XXXL-Purple",1
"DUSG-090-L-Beige",12
"DUSG-090-M-Beige",2
"DUSG-090-XL-Beige",10
"DUSG-090-XXL-Beige",5
"DUSG-090-XXXL-Beige",23
"DUSG-091-L-Beige",13
"DUSG-091-M-Beige",3
"DUSG-091-XL-Beige",9
"DUSG-091-XXL-Beige",0
"DUSG-091-XXXL-Beige",19
"DUSG-092-L-Natural_to_Red",33
"DUSG-092-M-Natural_to_Red",20
"DUSG-092-XL-Natural_to_Red",31
"DUSG-092-XXL-Natural_to_Red",30
"DUSG-092-XXXL-Natural_to_Red",6
"DUSG-093-L-Natural_to_Purple",19
"DUSG-093-M-Natural_to_Purple",28
"DUSG-093-XL-Natural_to_Purple",14
"DUSG-093-XXL-Natural_to_Purple",16
"DUSG-093-XXXL-Natural_to_Purple",6
"DUSG-094-L-Natural_to_Green",23
"DUSG-094-M-Natural_to_Green",22
"DUSG-094-XL-Natural_to_Green",12
"DUSG-094-XXL-Natural_to_Green",18
"DUSG-094-XXXL-Natural_to_Green",0
"DUSG-095-L-Green",0
"DUSG-095-L-Natural",35
"DUSG-095-M-Green",0
"DUSG-095-M-Natural",24
"DUSG-095-XL-Green",6
"DUSG-095-XL-Natural",26
"DUSG-095-XXL-Green",2
"DUSG-095-XXL-Natural",8
"DUSG-095-XXXL-Green",16
"DUSG-095-XXXL-Natural",8
"DUSG-096-L-Charcoal_Melange",0
"DUSG-096-L-Grey_Melange",0
"DUSG-096-M-Charcoal_Melange",0
"DUSG-096-M-Grey_Melange",0
"DUSG-096-XL-Charcoal_Melange",0
"DUSG-096-XL-Grey_Melange",0
"DUSG-096-XXL-Charcoal_Melange",0
"DUSG-096-XXL-Grey_Melange",1
"DUSG-098-L-Blue",2
"DUSG-098-L-Red",6
"DUSG-098-M-Blue",3
"DUSG-098-M-Red",3
"DUSG-098-S-Blue",0
"DUSG-098-S-Red",2
"DUSG-098-XL-Blue",0
"DUSG-098-XL-Red",2
"DUSG-098-XXL-Blue",0
"DUSG-098-XXL-Red",4
"DUSG-099-L-Forest_AOP",50
"DUSG-099-M-Forest_AOP",54
"DUSG-099-S-Forest_AOP",0
"DUSG-099-XL-Forest_AOP",33
"DUSG-099-XXL-Forest_AOP",15
"DUSG-100-L-Grey_Violet",6
"DUSG-100-M-Grey_Violet",0
"DUSG-100-S-Grey_Violet",0
"DUSG-100-XL-Grey_Violet",0
"DUSG-100-XXL-Grey_Violet",0
"DUSG-101-L-Shell",52
"DUSG-101-M-Shell",36
"DUSG-101-S-Shell",22
"DUSG-101-XL-Shell",51
"DUSG-101-XXL-Shell",27
"DUSG-102-L-Starlight_Blue",0
"DUSG-102-M-Starlight_Blue",1
"DUSG-102-S-Starlight_Blue",0
"DUSG-102-XL-Starlight_Blue",0
"DUSG-102-XXL-Starlight_Blue",0
"DUSG-103-10-Vanilla",0
"DUSG-103-12-Vanilla",0
"DUSG-103-4-Vanilla",19
"DUSG-103-6-Vanilla",7
"DUSG-103-8-Vanilla",3
"DUSG-104-10-Vibrant_Yellow",0
"DUSG-104-12-Vibrant_Yellow",2
"DUSG-104-4-Vibrant_Yellow",14
"DUSG-104-6-Vibrant_Yellow",6
"DUSG-104-8-Vibrant_Yellow",9
"DUSG-105-10-Light_Green",0
"DUSG-105-12-Light_Green",0
"DUSG-105-4-Light_Green",8
"DUSG-105-6-Light_Green",2
"DUSG-105-8-Light_Green",3
"DUSG-106-10-Light_Blue",2
"DUSG-106-12-Light_Blue",0
"DUSG-106-4-Light_Blue",0
"DUSG-106-6-Light_Blue",3
"DUSG-106-8-Light_Blue",0
"DUSG-107-L-Brown",0
"DUSG-107-L-Light_Blue",2
"DUSG-107-L-Light_Green",1
"DUSG-107-M-Brown",0
"DUSG-107-M-Light_Blue",3
"DUSG-107-M-Light_Green",0
"DUSG-107-XL-Brown",0
"DUSG-107-XL-Light_Blue",3
"DUSG-107-XL-Light_Green",2
"DUSG-107-XXL-Brown",0
"DUSG-107-XXL-Light_Blue",3
"DUSG-107-XXL-Light_Green",1
"DUSG-108-L-Light_Green",5
"DUSG-108-L-Yellow",5
"DUSG-108-M-Light_Green",6
"DUSG-108-M-Yellow",1
"DUSG-108-XL-Light_Green",6
"DUSG-108-XL-Yellow",0
"DUSG-108-XXL-Light_Green",8
"DUSG-108-XXL-Yellow",10
"DUSG-109-L-Allover_Printed_Leaf",46
"DUSG-109-M-Allover_Printed_Leaf",49
"DUSG-109-XL-Allover_Printed_Leaf",8
"DUSG-109-XXL-Allover_Printed_Leaf",2
"DUSG-110-Black",51
"DUSG-111-L-Natural",2
"DUSG-111-M-Natural",0
"DUSG-111-XL-Natural",0
"DUSG-111-XXL-Natural",0
"DUSG-113-L-White",17
"DUSG-113-M-White",30
"DUSG-113-XL-White",0
"DUSG-113-XXL-White",1
"DUSG-112-L-Black",21
"DUSG-112-M-Black",23
"DUSG-112-XL-Black",0
"DUSG-112-XXL-Black",2
"DUSG-114-L-Natural",33
"DUSG-114-M-Natural",27
"DUSG-114-XL-Natural",3
"DUSG-114-XXL-Natural",28
"DUSG-115-L-Pink",19
"DUSG-115-M-Pink",14
"DUSG-115-XL-Pink",2
"DUSG-115-XXL-Pink",6
"DUSG-116-L-Black",4
"DUSG-116-M-Black",13
"DUSG-116-XL-Black",1
"DUSG-116-XXL-Black",7
"DUSG-117-L-White",12
"DUSG-117-M-White",5
"DUSG-117-XL-White",3
"DUSG-117-XXL-White",7
"DUSG-118-L-Black",2
"DUSG-118-M-Black",1
"DUSG-118-XL-Black",0
"DUSG-118-XXL-Black",2
"DUSG-119-L-Natural",28
"DUSG-119-M-Natural",23
"DUSG-119-XL-Natural",11
"DUSG-119-XXL-Natural",16
"DUSG-120-L-Natural",0
"DUSG-120-M-Natural",0
"DUSG-120-XL-Natural",0
"DUSG-120-XXL-Natural",0
"DUSG-121-L-Natural",0
"DUSG-121-M-Natural",0
"DUSG-121-XL-Natural",0
"DUSG-121-XXL-Natural",0
"DUSG-122-L-Grey",0
"DUSG-122-L-White",6
"DUSG-122-M-Grey",0
"DUSG-122-M-White",4
"DUSG-122-S-Grey",0
"DUSG-122-S-White",1
"DUSG-122-XL-Grey",0
"DUSG-122-XL-White",0
"DUSG-122-XXL-Grey",0
"DUSG-122-XXL-White",0
"DUSG-123-L-Navy",5
"DUSG-123-M-Navy",0
"DUSG-123-S-Navy",5
"DUSG-123-XL-Navy",0
"DUSG-123-XXL-Navy",0
"DUSG-124-L-Blue",0
"DUSG-124-L-Navy",0
"DUSG-124-L-White",6
"DUSG-124-M-Blue",0
"DUSG-124-M-Navy",0
"DUSG-124-M-White",0
"DUSG-124-S-Blue",0
"DUSG-124-S-Navy",0
"DUSG-124-S-White",0
"DUSG-124-XL-Blue",0
"DUSG-124-XL-Navy",0
"DUSG-124-XL-White",0
"DUSG-124-XXL-Blue",0
"DUSG-124-XXL-Navy",0
"DUSG-124-XXL-White",10
"DUSG-125-L-Grey",6
"DUSG-125-M-Grey",11
"DUSG-125-S-Grey",1
"DUSG-125-XL-Grey",2
"DUSG-125-XXL-Grey",2
"DUSG-126-L-Black_",22
"DUSG-126-M-Black_",0
"DUSG-126-S-Black_",0
"DUSG-126-XL-Black_",7
"DUSG-126-XXL-Black_",10
"DUSG-127-L-Deep_Teal",30
"DUSG-127-L-Ivy_Green",2
"DUSG-127-M-Deep_Teal",29
"DUSG-127-M-Ivy_Green",1
"DUSG-127-S-Deep_Teal",2
"DUSG-127-S-Ivy_Green",4
"DUSG-127-XL-Deep_Teal",32
"DUSG-127-XL-Ivy_Green",0
"DUSG-127-XXL-Deep_Teal",12
"DUSG-127-XXL-Ivy_Green",0
"DUSG-128-L-Deep_wist",6
"DUSG-128-L-Emberglow",24
"DUSG-128-M-Deep_wist",2
"DUSG-128-M-Emberglow",31
"DUSG-128-S-Deep_wist",5
"DUSG-128-S-Emberglow",18
"DUSG-128-XL-Deep_wist",9
"DUSG-128-XL-Emberglow",23
"DUSG-128-XXL-Deep_wist",4
"DUSG-128-XXL-Emberglow",1
"DUSG-129-L-Coral",29
"DUSG-129-L-Rose",25
"DUSG-129-M-Coral",35
"DUSG-129-M-Rose",30
"DUSG-129-S-Coral",15
"DUSG-129-S-Rose",10
"DUSG-129-XL-Coral",34
"DUSG-129-XL-Rose",30
"DUSG-129-XXL-Coral",26
"DUSG-129-XXL-Rose",30
"DUSG-130-L-Coral",30
"DUSG-130-L-Rose",27
"DUSG-130-M-Coral",44
"DUSG-130-M-Rose",36
"DUSG-130-S-Coral",10
"DUSG-130-S-Rose",12
"DUSG-130-XL-Coral",29
"DUSG-130-XL-Rose",24
"DUSG-130-XXL-Coral",22
"DUSG-130-XXL-Rose",14
"DUSG-131-L-Atlantis",18
"DUSG-131-L-Winter_Sky",21
"DUSG-131-M-Atlantis",26
"DUSG-131-M-Winter_Sky",25
"DUSG-131-S-Atlantis",0
"DUSG-131-S-Winter_Sky",0
"DUSG-131-XL-Atlantis",12
"DUSG-131-XL-Winter_Sky",19
"DUSG-131-XXL-Atlantis",6
"DUSG-131-XXL-Winter_Sky",2
"DUSG-133-L-Black",32
"DUSG-133-M-Black",13
"DUSG-133-S-Black",19
"DUSG-133-XL-Black",1
"DUSG-133-XXL-Black",2
"DUSG-134-L-Black",49
"DUSG-134-M-Black",16
"DUSG-134-S-Black",0
"DUSG-134-XL-Black",46
"DUSG-135-L-Beluga",23
"DUSG-135-L-Rosewater",21
"DUSG-135-M-Beluga",20
"DUSG-135-M-Rosewater",20
"DUSG-135-S-Beluga",21
"DUSG-135-S-Rosewater",14
"DUSG-135-XL-Beluga",3
"DUSG-135-XL-Rosewater",2
"DUSG-135-XXL-Beluga",16
"DUSG-135-XXL-Rosewater",12
"DUSG-137-L-Hawaiian",31
"DUSG-137-L-Rose_violet",25
"DUSG-137-M-Hawaiian",28
"DUSG-137-M-Rose_violet",10
"DUSG-137-S-Hawaiian",3
"DUSG-137-S-Rose_violet",1
"DUSG-137-XL-Hawaiian",7
"DUSG-137-XL-Rose_violet",6
"DUSG-137-XXL-Hawaiian",6
"DUSG-137-XXL-Rose_violet",1
"DUSG-138-L-Brown",10
"DUSG-138-M-Brown",5
"DUSG-138-S-Brown",0
"DUSG-138-XL-Brown",8
"DUSG-138-XXL-Brown",0
"DUSG-139-L-Green",6
"DUSG-139-M-Green",10
"DUSG-139-S-Green",43
"DUSG-139-XL-Green",5
"DUSG-139-XXL-Green",1
"DUSG-140-L-Beige",20
"DUSG-140-M-Beige",2
"DUSG-140-S-Beige",0
"DUSG-140-XL-Beige",22
"DUSG-140-XXL-Beige",8
"DUSG-141-L-Rust",2
"DUSG-141-M-Rust",15
"DUSG-141-S-Rust",28
"DUSG-141-XL-Rust",0
"DUSG-141-XXL-Rust",0
"DUSG-142-L-Red",1
"DUSG-142-M-Red",0
"DUSG-142-S-Red",1
"DUSG-142-XL-Red",20
"DUSG-142-XXL-Red",10
"DUSG-143-L-Snorkel_Blue",0
"DUSG-143-M-Snorkel_Blue",0
"DUSG-143-S-Snorkel_Blue",1
"DUSG-143-XL-Snorkel_Blue",5
"DUSG-143-XXL-Snorkel_Blue",2
"DUSG-144-L-White",0
"DUSG-144-M-White",0
"DUSG-144-S-White",0
"DUSG-144-XL-White",1
"DUSG-144-XXL-White",3
"DUSG-145-L-Arabesque",0
"DUSG-145-M-Arabesque",0
"DUSG-145-S-Arabesque",0
"DUSG-145-XL-Arabesque",3
"DUSG-145-XXL-Arabesque",1
"DUSG-146-L-Cloud_Dream",4
"DUSG-146-M-Cloud_Dream",2
"DUSG-146-S-Cloud_Dream",0
"DUSG-146-XL-Cloud_Dream",1
"DUSG-146-XXL-Cloud_Dream",5
"DUSG-147-L-Pumice_Stone",2
"DUSG-147-M-Pumice_Stone",2
"DUSG-147-S-Pumice_Stone",0
"DUSG-147-XL-Pumice_Stone",2
"DUSG-147-XXL-Pumice_Stone",3
"DUSG-148-L-Pale_Olive",28
"DUSG-148-M-Pale_Olive",20
"DUSG-148-S-Pale_Olive",17
"DUSG-148-XL-Pale_Olive",10
"DUSG-148-XXL-Pale_Olive",14
"DUSG-149-L-Olive",3
"DUSG-149-M-Olive",2
"DUSG-149-S-Olive",1
"DUSG-149-XL-Olive",3
"DUSG-149-XXL-Olive",1
"DUSG-150-L-Natural",2
"DUSG-150-M-Natural",3
"DUSG-150-S-Natural",0
"DUSG-150-XL-Natural",0
"DUSG-150-XXL-Natural",2
"DUSG-151-L-Natural",2
"DUSG-151-M-Natural",0
"DUSG-151-S-Natural",0
"DUSG-151-XL-Natural",3
"DUSG-151-XXL-Natural",1
"DUSG-152-L-Wine_Testing",1
"DUSG-152-M-Wine_Testing",2
"DUSG-152-S-Wine_Testing",0
"DUSG-153-L-Yolk_Yellow",7
"DUSG-153-M-Yolk_Yellow",1
"DUSG-153-S-Yolk_Yellow",0
"DUSG-154-L-Stone",50
"DUSG-154-L-Truenavy",43
"DUSG-154-M-Stone",29
"DUSG-154-M-Truenavy",29
"DUSG-154-S-Stone",5
"DUSG-154-S-Truenavy",10
"DUSG-154-XL-Stone",59
"DUSG-154-XL-Truenavy",51
"DUSG-154-XXL-Stone",29
"DUSG-154-XXL-Truenavy",23
"DUSG-155-L-Flame_scarlet",19
"DUSG-155-L-Misty_Jade",20
"DUSG-155-L-nostalgia",12
"DUSG-155-M-Flame_scarlet",33
"DUSG-155-M-Misty_Jade",21
"DUSG-155-M-nostalgia",13
"DUSG-155-S-Flame_scarlet",18
"DUSG-155-S-Misty_Jade",7
"DUSG-155-S-nostalgia",7
"DUSG-155-XL-Flame_scarlet",11
"DUSG-155-XL-Misty_Jade",14
"DUSG-155-XL-nostalgia",3
"DUSG-155-XXL-Flame_scarlet",12
"DUSG-155-XXL-Misty_Jade",1
"DUSG-155-XXL-nostalgia",4
"DUSG-156-L-Atlantis",27
"DUSG-156-M-Atlantis",27
"DUSG-156-S-Atlantis",28
"DUSG-156-XL-Atlantis",24
"DUSG-156-XXL-Atlantis",14
"DUSG-157-L-Winter_Sky",2
"DUSG-157-M-Winter_Sky",3
"DUSG-157-S-Winter_Sky",3
"DUSG-157-XL-Winter_Sky",3
"DUSG-157-XXL-Winter_Sky",1
"DUSG-158-L-Misty_Jade",0
"DUSG-158-M-Misty_Jade",0
"DUSG-158-S-Misty_Jade",0
"DUSG-158-XL-Misty_Jade",2
"DUSG-158-XXL-Misty_Jade",4
"DUSG-159-L-pin",0
"DUSG-159-L-White",12
"DUSG-159-M-pin",0
"DUSG-159-M-White",11
"DUSG-159-S-pin",0
"DUSG-159-S-White",3
"DUSG-159-XL-pin",0
"DUSG-159-XL-White",10
"DUSG-159-XXL-pin",0
"DUSG-159-XXL-White",3
"DUSG-160-L-Misty_Jade",10
"DUSG-160-M-Misty_Jade",1
"DUSG-160-S-Misty_Jade",6
"DUSG-160-XL-Misty_Jade",22
"DUSG-160-XXL-Misty_Jade",7
"DUSG-198-All_Over_Print-Free_Size",0
"DUSG-163-L-Arabesque",3
"DUSG-163-L-forest_green",7
"DUSG-163-M-Arabesque",3
"DUSG-163-M-forest_green",0
"DUSG-163-S-Arabesque",2
"DUSG-163-S-forest_green",4
"DUSG-163-XL-Arabesque",3
"DUSG-163-XL-forest_green",12
"DUSG-163-XXL-Arabesque",2
"DUSG-163-XXL-forest_green",5
"DUSG-172-L-Dark_Grey",25
"DUSG-172-M-Dark_Grey",28
"DUSG-172-S-Dark_Grey",0
"DUSG-172-XL-Dark_Grey",28
"DUSG-172-XXL-Dark_Grey",17
"DUSG-173-L-Misty_blue_",29
"DUSG-173-M-Misty_blue_",30
"DUSG-173-S-Misty_blue_",0
"DUSG-173-XL-Misty_blue_",22
"DUSG-173-XXL-Misty_blue_",14
"DUSG-175-L-Soft_Peach",0
"DUSG-175-M-Soft_Peach",0
"DUSG-175-S-Soft_Peach",0
"DUSG-175-XL-Soft_Peach",3
"DUSG-175-XXL-Soft_Peach",2
"DUSG-176-L-Fern_Green",7
"DUSG-176-M-Fern_Green",15
"DUSG-176-S-Fern_Green",5
"DUSG-176-XL-Fern_Green",14
"DUSG-176-XXL-Fern_Green",10
"DUSG-177-L-Limestone_Yellow",20
"DUSG-177-M-Limestone_Yellow",19
"DUSG-177-S-Limestone_Yellow",11
"DUSG-177-XL-Limestone_Yellow",22
"DUSG-177-XXL-Limestone_Yellow",11
"DUSG-178-L-Camouflage_Green",5
"DUSG-178-M-Camouflage_Green",8
"DUSG-178-S-Camouflage_Green",0
"DUSG-178-XL-Camouflage_Green",10
"DUSG-178-XXL-Camouflage_Green",10
"DUSG-180-L-Lavender",0
"DUSG-180-M-Lavender",1
"DUSG-180-S-Lavender",0
"DUSG-180-XL-Lavender",0
"DUSG-180-XXL-Lavender",7
"DUSG-181-L-Lavender",10
"DUSG-181-M-Lavender",8
"DUSG-181-S-Lavender",3
"DUSG-181-XL-Lavender",11
"DUSG-181-XXL-Lavender",10
"DUSG-182-L-Paradise_Pink",3
"DUSG-182-M-Paradise_Pink",8
"DUSG-182-S-Paradise_Pink",1
"DUSG-182-XL-Paradise_Pink",4
"DUSG-182-XXL-Paradise_Pink",7
"DUSG-183-L-White",18
"DUSG-183-M-White",19
"DUSG-183-S-White",20
"DUSG-183-XL-White",13
"DUSG-183-XXL-White",9
"DUSG-184-L-Bee",17
"DUSG-184-L-Renett",10
"DUSG-184-M-Bee",15
"DUSG-184-M-Renett",14
"DUSG-184-S-Bee",13
"DUSG-184-S-Renett",9
"DUSG-184-XL-Bee",19
"DUSG-184-XL-Renett",12
"DUSG-184-XXL-Bee",11
"DUSG-184-XXL-Renett",11
"DUSG-185-L-Padma",0
"DUSG-185-L-Radha_Krishna",18
"DUSG-185-L-RUBIA",17
"DUSG-185-M-Padma",0
"DUSG-185-M-Radha_Krishna",13
"DUSG-185-M-RUBIA",23
"DUSG-185-S-Padma",0
"DUSG-185-S-Radha_Krishna",20
"DUSG-185-S-RUBIA",21
"DUSG-186-L-Greystone",28
"DUSG-186-M-Greystone",26
"DUSG-186-XL-Greystone",30
"DUSG-187-L-Urban_Chic",13
"DUSG-187-M-Urban_Chic",8
"DUSG-187-S-Urban_Chic",9
"DUSG-187-XL-Urban_Chic",0
"DUSG-187-XXL-Urban_Chic",0
"DUSG-193-L-White",18
"DUSG-193-M-White",25
"DUSG-193-S-White",10
"DUSG-193-XL-White",19
"DUSG-193-XXL-White",5
"DUSG-B-01-12-Light_Blue",16
"DUSG-B-01-24-Light_Blue",16
"DUSG-B-01-3-Light_Blue",2
"DUSG-B-01-6-Light_Blue",13
"DUSG-B-02-12-Light_Blue",26
"DUSG-B-02-12-Pink",7
"DUSG-B-02-24-Light_Blue",19
"DUSG-B-02-24-Pink",9
"DUSG-B-02-3-Light_Blue",11
"DUSG-B-02-3-Pink",0
"DUSG-B-02-6-Light_Blue",20
"DUSG-B-02-6-Pink",5
"DUSG-B-03-12-Light_Blue",6
"DUSG-B-03-12-Pink",21
"DUSG-B-03-24-Light_Blue",18
"DUSG-B-03-24-Pink",17
"DUSG-B-03-3-Light_Blue",4
"DUSG-B-03-3-Pink",9
"DUSG-B-03-6-Light_Blue",33
"DUSG-B-03-6-Pink",27
"DUSG-B-04-12-Light_Blue",30
"DUSG-B-04-12-Pink",19
"DUSG-B-04-24-Light_Blue",13
"DUSG-B-04-24-Pink",26
"DUSG-B-04-3-Light_Blue",8
"DUSG-B-04-3-Pink",8
"DUSG-B-04-6-Light_Blue",37
"DUSG-B-04-6-Pink",5
"DUSG-B-05-12-Light_Blue",6
"DUSG-B-05-12-Pink",9
"DUSG-B-05-24-Light_Blue",1
"DUSG-B-05-24-Pink",0
"DUSG-B-05-3-Light_Blue",5
"DUSG-B-05-3-Pink",2
"DUSG-B-05-6-Light_Blue",8
"DUSG-B-05-6-Pink",7
"dusg-vouch-500",0
"dusg-vouch-1000",0
"dusg-vouch-1500",0
"dusg-vouch-2000",0
"DUSG-164-L-Orchid_Bloom",18
"DUSG-164-L-Soft_Peach",19
"DUSG-164-M-Orchid_Bloom",20
"DUSG-164-M-Soft_Peach",18
"DUSG-164-S-Orchid_Bloom",17
"DUSG-164-S-Soft_Peach",18
"DUSG-164-XL-Orchid_Bloom",12
"DUSG-164-XL-Soft_Peach",12
"DUSG-164-XXL-Orchid_Bloom",3
"DUSG-164-XXL-Soft_Peach",4
"DUSG-178-b-L-Camouflage_Green",26
"DUSG-178-b-M-Camouflage_Green",16
"DUSG-178-b-S-Camouflage_Green",15
"DUSG-178-b-XL-Camouflage_Green",20
"DUSG-178-b-XXL-Camouflage_Green",18
"DUSG-179-L-White",11
"DUSG-179-M-White",1
"DUSG-179-S-White",3
"DUSG-179-XL-White",17
"DUSG-179-XXL-White",12
"DUSG-188-L-Golden_Olive",10
"DUSG-188-M-Golden_Olive",15
"DUSG-188-S-Golden_Olive",5
"DUSG-188-XL-Golden_Olive",17
"DUSG-188-XXL-Golden_Olive",8
"DUSG-189-L-Pristine",14
"DUSG-189-M-Pristine",17
"DUSG-189-S-Pristine",1
"DUSG-189-XL-Pristine",15
"DUSG-189-XXL-Pristine",7
"DUSG-190-L-Flame_Scarlet",6
"DUSG-190-M-Flame_Scarlet",12
"DUSG-190-S-Flame_Scarlet",6
"DUSG-190-XL-Flame_Scarlet",16
"DUSG-190-XXL-Flame_Scarlet",7
"DUSG-191-L-Rabbit",11
"DUSG-191-M-Rabbit",10
"DUSG-191-S-Rabbit",0
"DUSG-191-XL-Rabbit",22
"DUSG-191-XXL-Rabbit",21
"DUSG-194-L-Mauve_Orchid",17
"DUSG-194-L-Ocean_Wave",0
"DUSG-194-L-Porcelain_Rose",20
"DUSG-194-M-Mauve_Orchid",19
"DUSG-194-M-Ocean_Wave",1
"DUSG-194-M-Porcelain_Rose",24
"DUSG-194-S-Mauve_Orchid",0
"DUSG-194-S-Ocean_Wave",5
"DUSG-194-S-Porcelain_Rose",27
"DUSG-194-XL-Mauve_Orchid",12
"DUSG-194-XL-Ocean_Wave",0
"DUSG-194-XL-Porcelain_Rose",19
"DUSG-194-XXL-Mauve_Orchid",11
"DUSG-194-XXL-Ocean_Wave",3
"DUSG-194-XXL-Porcelain_Rose",7
"DUSG-195-L-Blue",1
"DUSG-195-M-Blue",5
"DUSG-195-S-Blue",6
"DUSG-195-XL-Blue",7
"DUSG-195-XXL-Blue",7
"DUSG-196-L-Blue",6
"DUSG-196-M-Blue",2
"DUSG-196-S-Blue",4
"DUSG-196-XL-Blue",15
"DUSG-196-XXL-Blue",12
"DUSG-162-L-African_Violet",18
"DUSG-162-L-Linen",16
"DUSG-162-M-African_Violet",16
"DUSG-162-M-Linen",15
"DUSG-162-S-African_Violet",21
"DUSG-162-S-Linen",16
"DUSG-162-XL-African_Violet",13
"DUSG-162-XL-Linen",10
"DUSG-162-XXL-African_Violet",9
"DUSG-162-XXL-Linen",2
"DUSG-169-L-African_Violet",21
"DUSG-169-L-Ash",6
"DUSG-169-M-African_Violet",18
"DUSG-169-M-Ash",2
"DUSG-169-S-African_Violet",20
"DUSG-169-S-Ash",4
"DUSG-169-XL-African_Violet",16
"DUSG-169-XL-Ash",2
"DUSG-169-XXL-African_Violet",6
"DUSG-169-XXL-Ash",0
"DUSG-170-L-African_Violet",25
"DUSG-170-L-Ash",10
"DUSG-170-M-African_Violet",25
"DUSG-170-M-Ash",14
"DUSG-170-S-African_Violet",22
"DUSG-170-S-Ash",16
"DUSG-170-XL-African_Violet",17
"DUSG-170-XL-Ash",25
"DUSG-170-XXL-African_Violet",6
"DUSG-170-XXL-Ash",2
"DUSG-008-L-Olive",35
"DUSG-008-M-Olive",33
"DUSG-008-S-Olive",10
"DUSG-008-XL-Olive",2
"DUSG-119-L-Black",20
"DUSG-119-M-Black",16
"DUSG-119-XL-Black",19
"DUSG-119-XXL-Black",1
"DUSG-119-S-Black",14
"DUSG_205_TEAL_S",10
"DUSG_205_TEAL_M",2
"DUSG_205_TEAL_L",32
"DUSG_205_TEAL_XL",24
"DUSG_205_TEAL_XXL",17
"DUSG_205_TEAL_3XL",8
"DUSG_228_TEAL_S",9
"DUSG_228_TEAL_M",22
"DUSG_228_TEAL_L",23
"DUSG_228_TEAL_XL",20
"DUSG_228_TEAL_XXL",13
"DUSG_228_TEAL_3XL",9
"DUSG_228_RUST-BROWN_S",9
"DUSG_228_RUST-BROWN_M",20
"DUSG_228_RUST-BROWN_L",24
"DUSG_228_RUST-BROWN_XL",17
"DUSG_228_RUST-BROWN_XXL",14
"DUSG_228_RUST-BROWN_3XL",9
"DUSG_229_JET-BLACK-CORAL_S",20
"DUSG_229_JET-BLACK-CORAL_M",24
"DUSG_229_JET-BLACK-CORAL_L",24
"DUSG_229_JET-BLACK-CORAL_XL",11
"DUSG_229_JET-BLACK-CORAL_XXL",10
"DUSG_229_JET-BLACK-CORAL_3XL",9
"DUSG_230_JET-BLACK-CORAL_S",19
"DUSG_230_JET-BLACK-CORAL_M",23
"DUSG_230_JET-BLACK-CORAL_L",21
"DUSG_230_JET-BLACK-CORAL_XL",11
"DUSG_230_JET-BLACK-CORAL_XXL",10
"DUSG_230_JET-BLACK-CORAL_3XL",9
"DUSG_230_WINE-SEASHELL-PINK_S",21
"DUSG_230_WINE-SEASHELL-PINK_M",26
"DUSG_230_WINE-SEASHELL-PINK_L",23
"DUSG_230_WINE-SEASHELL-PINK_XL",6
"DUSG_230_WINE-SEASHELL-PINK_XXL",10
"DUSG_230_WINE-SEASHELL-PINK_3XL",9
"DUSG_053_12_true-navy",6
"DUSG_203_S_PUPPY-RED",19
"DUSG_203_M_PUPPY-RED",24
"DUSG_203_L_PUPPY-RED",27
"DUSG_203_XL_PUPPY-RED",16
"DUSG_203_XXL_PUPPY-RED",10
"DUSG_203_3XL_PUPPY-RED",9
"DUSG_206_S_ADMIRAL-NAVY",19
"DUSG_206_M_ADMIRAL-NAVY",30
"DUSG_206_L_ADMIRAL-NAVY",31
"DUSG_206_XL_ADMIRAL-NAVY",18
"DUSG_206_XXL_ADMIRAL-NAVY",10
"DUSG_206_3XL_ADMIRAL-NAVY",10
"DUSG_206_S_PEACH",16
"DUSG_206_M_PEACH",32
"DUSG_206_L_PEACH",34
"DUSG_206_XL_PEACH",19
"DUSG_206_XXL_PEACH",11
"DUSG_206_3XL_PEACH",12
"DUSG_236_S_WILLOW-GREY",2
"DUSG_236_M_WILLOW-GREY",2
"DUSG_236_L_WILLOW-GREY",2
"DUSG_236_XL_WILLOW-GREY",2
"DUSG_236_XXL_WILLOW-GREY",2
"DUSG_236_3XL_WILLOW-GREY",2
"DUSG_222_S_WILLOW-GREY",1
"DUSG_222_M_WILLOW-GREY",2
"DUSG_222_L_WILLOW-GREY",2
"DUSG_222_XL_WILLOW-GREY",2
"DUSG_222_XXL_WILLOW-GREY",2
"DUSG_222_3XL_WILLOW-GREY",2
"DUSG_223_S_WHISPER-WHITE",5
"DUSG_223_M_WHISPER-WHITE",5
"DUSG_223_L_WHISPER-WHITE",5
"DUSG_223_XL_WHISPER-WHITE",5
"DUSG_223_XXL_WHISPER-WHITE",5
"DUSG_223_3XL_WHISPER-WHITE",5
"DUSG_224_S_DEEP-BROWN",7
"DUSG_224_M_DEEP-BROWN",26
"DUSG_224_L_DEEP-BROWN",34
"DUSG_224_XL_DEEP-BROWN",36
"DUSG_224_XXL_DEEP-BROWN",16
"DUSG_224_3XL_DEEP-BROWN",12
"DUSG_224_S_OLIVE",8
"DUSG_224_M_OLIVE",28
"DUSG_224_L_OLIVE",30
"DUSG_224_XL_OLIVE",20
"DUSG_224_XXL_OLIVE",20
"DUSG_224_3XL_OLIVE",33
"DUSG_224_S_BEIGE",5
"DUSG_224_M_BEIGE",29
"DUSG_224_L_BEIGE",26
"DUSG_224_XL_BEIGE",14
"DUSG_224_XXL_BEIGE",19
"DUSG_224_3XL_BEIGE",12
"DUSG_225_S_MULTI-STRIPES",0
"DUSG_225_M_MULTI-STRIPES",0
"DUSG_225_L_MULTI-STRIPES",0
"DUSG_225_XL_MULTI-STRIPES",0
"DUSG_225_XXL_MULTI-STRIPES",0
"DUSG_225_3XL_MULTI-STRIPES",0
"DUSG_194_M_AQUA-BLUE",27
"DUSG_194_L_AQUA-BLUE",26
"DUSG_194_XL_AQUA-BLUE",0
"DUSG_194_XXL_AQUA-BLUE",0
"DUSG_194_3XL_AQUA-BLUE",0
"DUSG_242_S_AQUA-BLUE",2
"DUSG_242_M_AQUA-BLUE",2
"DUSG_242_L_AQUA-BLUE",2
"DUSG-207-WWT-S-Whisper_White",17
"DUSG-207-WWT-M-Whisper_White",33
"DUSG-207-WWT-L-Whisper_White",31
"DUSG-207-WWT-XL-Whisper_White",18
"DUSG-207-WWT-3XL-Whisper_White",9
"DUSG-207-WWT-XXL-Whisper_White",10
"DUSG-207-YLW-S-Yellow",18
"DUSG-207-YLW-M-Yellow",31
"DUSG-207-YLW-L-Yellow",27
"DUSG-207-YLW-XL-Yellow",17
"DUSG-207-YLW-3XL-Yellow",9
"DUSG-207-YLW-XXL-Yellow",8
"DUSG_208_S_PINK-NECTAR-WINE",0
"DUSG_208_M_PINK-NECTAR-WINE",0
"DUSG_208_L_PINK-NECTAR-WINE",0
"DUSG_208_XL_PINK-NECTAR-WINE",0
"DUSG_208_XXL_PINK-NECTAR-WINE",0
"DUSG_208_3XL_PINK-NECTAR-WINE",0
"DUSG_209_S_WINE",22
"DUSG_209_M_WINE",44
"DUSG_209_L_WINE",57
"DUSG_209_XL_WINE",56
"DUSG_209_XXL_WINE",23
"DUSG_209_3XL_WINE",16
"DUSG_210_S_ANTIQUE-WHITE",18
"DUSG_210_M_ANTIQUE-WHITE",38
"DUSG_210_L_ANTIQUE-WHITE",46
"DUSG_210_XL_ANTIQUE-WHITE",43
"DUSG_210_XXL_ANTIQUE-WHITE",20
"DUSG_210_3XL_ANTIQUE-WHITE",14
"DUSG_212_S_ALLURE---MORNING-MIST",0
"DUSG_212_M_ALLURE---MORNING-MIST",0
"DUSG_212_L_ALLURE---MORNING-MIST",0
"DUSG_212_XL_ALLURE---MORNING-MIST",0
"DUSG_212_XXL_ALLURE---MORNING-MIST",0
"DUSG_212_3XL_ALLURE---MORNING-MIST",0
"DUSG_213_S_BRIGHT-BLUE",17
"DUSG_213_M_BRIGHT-BLUE",41
"DUSG_213_L_BRIGHT-BLUE",50
"DUSG_213_XL_BRIGHT-BLUE",54
"DUSG_213_XXL_BRIGHT-BLUE",21
"DUSG_213_3XL_BRIGHT-BLUE",15
"DUSG_214_S_ALOE",0
"DUSG_214_M_ALOE",0
"DUSG_214_L_ALOE",0
"DUSG_214_XL_ALOE",0
"DUSG_214_XXL_ALOE",0
"DUSG_214_3XL_ALOE",0
"DUSG_216_S_CITRUS-YELLOW",17
"DUSG_216_M_CITRUS-YELLOW",37
"DUSG_216_L_CITRUS-YELLOW",52
"DUSG_216_XL_CITRUS-YELLOW",51
"DUSG_216_XXL_CITRUS-YELLOW",23
"DUSG_216_3XL_CITRUS-YELLOW",13
"DUSG_217_S_MOON-ROCK",19
"DUSG_217_M_MOON-ROCK",45
"DUSG_217_L_MOON-ROCK",0
"DUSG_217_XL_MOON-ROCK",51
"DUSG_217_XXL_MOON-ROCK",19
"DUSG_217_3XL_MOON-ROCK",13
"DUSG_218_S_MILD-ORANGE",20
"DUSG_218_M_MILD-ORANGE",46
"DUSG_218_L_MILD-ORANGE",48
"DUSG_218_XL_MILD-ORANGE",47
"DUSG_218_XXL_MILD-ORANGE",17
"DUSG_218_3XL_MILD-ORANGE",13
"DUSG_220_S_SEASHELL-PINK---SKY-BLUE",0
"DUSG_220_M_SEASHELL-PINK---SKY-BLUE",0
"DUSG_220_L_SEASHELL-PINK---SKY-BLUE",0
"DUSG_220_XL_SEASHELL-PINK---SKY-BLUE",0
"DUSG_220_XXL_SEASHELL-PINK---SKY-BLUE",0
"DUSG_220_3XL_SEASHELL-PINK---SKY-BLUE",0
"DUSG_221_S_AUTUMN-GAZE",19
"DUSG_221_M_AUTUMN-GAZE",49
"DUSG_221_L_AUTUMN-GAZE",47
"DUSG_221_XL_AUTUMN-GAZE",52
"DUSG_221_XXL_AUTUMN-GAZE",19
"DUSG_221_3XL_AUTUMN-GAZE",13
"DUSG_201-S-CERAMIC",18
"DUSG_201-M-CERAMIC",28
"DUSG_201-L-CERAMIC",32
"DUSG_201-XL-CERAMIC",17
"DUSG_201-XXL-CERAMIC",9
"DUSG_201-3XL-CERAMIC",10
"DUSG_201-S-PEACH",20
"DUSG_201-M-PEACH",31
"DUSG_201-L-PEACH",30
"DUSG_201-XL-PEACH",20
"DUSG_201-XXL-PEACH",10
"DUSG_201-3XL-PEACH",11
"DUSG-134-3XL-Black",26
"DUSG-134-XXL-Black",31
"DUSG-B-01-12-Light_Pink",13
"DUSG-B-01-24-Light_Pink",1
"DUSG-B-01-3-Light_Pink",4
"DUSG-B-01-6-Light_Pink",13
