"sku","qty"
"DUSG-041-M-Natural",0
"DUSG-041-S-Aqua",0
"DUSG-041-S-Natural",0
"DUSG-041-XL-Aqua",0
"DUSG-041-XL-Natural",0
"DUSG-041-XXL-Aqua",0
"DUSG-041-XXL-Natural",0
"DUSG-042-L-Aqua",26
"DUSG-042-L-Narutal",1
"DUSG-042-M-Aqua",7
"DUSG-042-M-Narutal",2
"DUSG-042-S-Aqua",0
"DUSG-042-S-Narutal",1
"DUSG-042-XL-Aqua",3
"DUSG-042-XL-Narutal",3
"DUSG-042-XXL-Aqua",6
"DUSG-042-XXL-Narutal",8
"DUSG-043-L-Coral",28
"DUSG-043-L-Natural",26
"DUSG-043-M-Coral",19
"DUSG-043-M-Natural",22
"DUSG-043-S-Coral",0
"DUSG-043-S-Natural",0
"DUSG-043-XL-Coral",21
"DUSG-043-XL-Natural",25
"DUSG-043-XXL-Coral",17
"DUSG-043-XXL-Natural",20
"DUSG-044-L-Coral",22
"DUSG-044-L-Natural",19
"DUSG-044-M-Coral",8
"DUSG-044-M-Natural",13
"DUSG-044-S-Coral",0
"DUSG-044-S-Natural",0
"DUSG-044-XL-Coral",20
"DUSG-044-XL-Natural",23
"DUSG-044-XXL-Coral",24
"DUSG-044-XXL-Natural",22
"DUSG-045-L-Natural",0
"DUSG-045-M-Natural",0
"DUSG-045-XL-Natural",0
"DUSG-046-L-Blue_-_All_over_Printed",0
"DUSG-046-M-Blue_-_All_over_Printed",0
"DUSG-046-XL-Blue_-_All_over_Printed",0
"DUSG-047-L-Beetroot",0
"DUSG-047-L-Linen",0
"DUSG-047-L-Methi",0
"DUSG-047-L-Natural",0
"DUSG-047-L-Pudina",0
"DUSG-047-M-Beetroot",0
"DUSG-047-M-Linen",0
"DUSG-047-M-Methi",0
"DUSG-047-M-Natural",0
"DUSG-047-M-Pudina",0
"DUSG-047-XL-Beetroot",0
"DUSG-047-XL-Linen",0
"DUSG-047-XL-Methi",0
"DUSG-047-XL-Natural",0
"DUSG-047-XL-Pudina",0
"DUSG-048-L-Natural",0
"DUSG-048-M-Natural",0
"DUSG-048-S-Natural",0
"DUSG-048-XL-Natural",0
"DUSG-048-XXL-Natural",0
"DUSG-049-L-Red_",0
"DUSG-049-M-Red_",0
"DUSG-049-S-Red_",0
"DUSG-049-XL-Red_",0
"DUSG-049-XXL-Red_",0
"DUSG-050-L-Golden_Brown",0
"DUSG-050-L-Rose_Cloud",0
"DUSG-050-M-Golden_Brown",0
"DUSG-050-M-Rose_Cloud",0
"DUSG-050-S-Golden_Brown",0
"DUSG-050-S-Rose_Cloud",0
"DUSG-050-XL-Golden_Brown",0
"DUSG-050-XL-Rose_Cloud",0
"DUSG-050-XXL-Golden_Brown",0
"DUSG-050-XXL-Rose_Cloud",0
"DUSG-051-10-Golden_Brown",0
"DUSG-051-10-Rose_Cloud",0
"DUSG-051-12-Golden_Brown",0
"DUSG-051-12-Rose_Cloud",0
"DUSG-051-4-Golden_Brown",0
"DUSG-051-4-Rose_Cloud",0
"DUSG-051-6-Golden_Brown",0
"DUSG-051-6-Rose_Cloud",0
"DUSG-051-8-Golden_Brown",0
"DUSG-051-8-Rose_Cloud",0
"DUSG-052-L-String",0
"DUSG-052-L-True_Navy",0
"DUSG-052-M-String",0
"DUSG-052-M-True_Navy",0
"DUSG-052-S-String",0
"DUSG-052-S-True_Navy",0
"DUSG-052-XL-String",0
"DUSG-052-XL-True_Navy",0
"DUSG-052-XXL-String",0
"DUSG-052-XXL-True_Navy",0
"DUSG-053-10-String",0
"DUSG-053-10-True_Navy",0
"DUSG-053-12-String",0
"DUSG-053-4-String",0
"DUSG-053-4-True_Navy",0
"DUSG-053-6-String",0
"DUSG-053-6-True_Navy",0
"DUSG-053-8-String",0
"DUSG-053-8-True_Navy",0
"DUSG-054-L-Natural",3
"DUSG-054-L-New_Wheat",0
"DUSG-054-M-Natural",0
"DUSG-054-M-New_Wheat",0
"DUSG-054-S-Natural",0
"DUSG-054-S-New_Wheat",0
"DUSG-054-XL-Natural",6
"DUSG-054-XL-New_Wheat",0
"DUSG-054-XXL-Natural",2
"DUSG-054-XXL-New_Wheat",1
"DUSG-055-10-Natural",0
"DUSG-055-10-New_Wheat",0
"DUSG-055-12-Natural",0
"DUSG-055-12-New_Wheat",0
"DUSG-055-4-Natural",0
"DUSG-055-4-New_Wheat",0
"DUSG-055-6-Natural",0
"DUSG-055-6-New_Wheat",0
"DUSG-055-8-Natural",0
"DUSG-055-8-New_Wheat",0
"DUSG-056-L-Green_Moss",0
"DUSG-056-L-Sierra",0
"DUSG-056-M-Green_Moss",0
"DUSG-056-M-Sierra",0
"DUSG-056-S-Green_Moss",0
"DUSG-056-S-Sierra",0
"DUSG-056-XL-Green_Moss",0
"DUSG-056-XL-Sierra",0
"DUSG-056-XXL-Green_Moss",0
"DUSG-056-XXL-Sierra",0
"DUSG-057-10-Green_Moss",0
"DUSG-057-10-Sierra",0
"DUSG-057-12-Green_Moss",0
"DUSG-057-12-Sierra",0
"DUSG-057-4-Green_Moss",0
"DUSG-057-4-Sierra",0
"DUSG-057-6-Green_Moss",0
"DUSG-057-6-Sierra",0
"DUSG-057-8-Green_Moss",0
"DUSG-057-8-Sierra",0
"DUSG-058-L-Aqua",0
"DUSG-058-L-Endive",0
"DUSG-058-M-Aqua",0
"DUSG-058-M-Endive",0
"DUSG-058-S-Aqua",0
"DUSG-058-S-Endive",0
"DUSG-058-XL-Aqua",0
"DUSG-058-XL-Endive",0
"DUSG-058-XXL-Aqua",0
"DUSG-058-XXL-Endive",0
"DUSG-059-10-Aqua",0
"DUSG-059-10-Endive",0
"DUSG-059-12-Aqua",0
"DUSG-059-12-Endive",0
"DUSG-059-4-Aqua",0
"DUSG-059-4-Endive",0
"DUSG-059-6-Aqua",0
"DUSG-059-6-Endive",0
"DUSG-059-8-Aqua",0
"DUSG-059-8-Endive",0
"DUSG-060-L-Adobe",0
"DUSG-060-L-Beige",0
"DUSG-060-M-Adobe",0
"DUSG-060-M-Beige",0
"DUSG-060-S-Adobe",0
"DUSG-060-S-Beige",0
"DUSG-060-XL-Adobe",0
"DUSG-060-XL-Beige",0
"DUSG-060-XXL-Adobe",0
"DUSG-061-10-Adobe",0
"DUSG-061-10-Beige",0
"DUSG-061-12-Adobe",0
"DUSG-061-12-Beige",0
"DUSG-061-4-Adobe",0
"DUSG-061-4-Beige",0
"DUSG-061-6-Adobe",0
"DUSG-061-6-Beige",0
"DUSG-061-8-Adobe",0
"DUSG-061-8-Beige",0
"DUSG-062-L-Wine_Testing",0
"DUSG-062-L-Yolk_Yellow",0
"DUSG-062-M-Wine_Testing",0
"DUSG-062-M-Yolk_Yellow",0
"DUSG-062-S-Wine_Testing",0
"DUSG-062-S-Yolk_Yellow",0
"DUSG-062-XL-Wine_Testing",0
"DUSG-062-XL-Yolk_Yellow",0
"DUSG-062-XXL-Wine_Testing",0
"DUSG-062-XXL-Yolk_Yellow",0
"DUSG-063-10-Wine_Testing",0
"DUSG-063-10-Yolk_Yellow",0
"DUSG-063-12-Wine_Testing",0
"DUSG-063-12-Yolk_Yellow",0
"DUSG-063-4-Wine_Testing",0
"DUSG-063-4-Yolk_Yellow",0
"DUSG-063-6-Wine_Testing",0
"DUSG-063-6-Yolk_Yellow",0
"DUSG-063-8-Wine_Testing",0
"DUSG-063-8-Yolk_Yellow",0
"DUSG-064-L-Beach_Sand",0
"DUSG-064-L-Pale_Banana",11
"DUSG-064-M-Beach_Sand",0
"DUSG-064-M-Pale_Banana",10
"DUSG-064-S-Beach_Sand",0
"DUSG-064-S-Pale_Banana",0
"DUSG-064-XL-Beach_Sand",0
"DUSG-064-XL-Pale_Banana",0
"DUSG-064-XXL-Beach_Sand",0
"DUSG-064-XXL-Pale_Banana",0
"DUSG-065-10-Beach_Sand",0
"DUSG-065-10-Pale_Banana",0
"DUSG-065-12-Beach_Sand",0
"DUSG-065-12-Pale_Banana",0
"DUSG-065-4-Beach_Sand",0
"DUSG-065-4-Pale_Banana",0
"DUSG-065-6-Beach_Sand",0
"DUSG-065-6-Pale_Banana",0
"DUSG-065-8-Beach_Sand",0
"DUSG-065-8-Pale_Banana",0
"DUSG-066-L-Bamboo",2
"DUSG-066-L-Beige",0
"DUSG-066-M-Bamboo",0
"DUSG-066-M-Beige",0
"DUSG-066-S-Bamboo",0
"DUSG-066-S-Beige",0
"DUSG-066-XL-Bamboo",0
"DUSG-066-XL-Beige",0
"DUSG-066-XXL-Bamboo",0
"DUSG-066-XXL-Beige",0
"DUSG-067-10-Bamboo",0
"DUSG-067-10-Beige",0
"DUSG-067-12-Bamboo",0
"DUSG-067-12-Beige",0
"DUSG-067-4-Bamboo",0
"DUSG-067-4-Beige",0
"DUSG-067-6-Bamboo",0
"DUSG-067-6-Beige",0
"DUSG-067-8-Bamboo",0
"DUSG-067-8-Beige",0
"DUSG-068-L-Blue_Haze",0
"DUSG-068-L-Lobster_Bisque",0
"DUSG-068-M-Blue_Haze",0
"DUSG-068-M-Lobster_Bisque",0
"DUSG-068-S-Blue_Haze",0
"DUSG-068-S-Lobster_Bisque",0
"DUSG-068-XL-Blue_Haze",0
"DUSG-068-XL-Lobster_Bisque",0
"DUSG-068-XXL-Blue_Haze",0
"DUSG-068-XXL-Lobster_Bisque",0
"DUSG-069-10-Blue_Haze",0
"DUSG-069-10-Lobster_Bisque",0
"DUSG-069-12-Blue_Haze",0
"DUSG-069-12-Lobster_Bisque",0
"DUSG-069-4-Blue_Haze",0
"DUSG-069-4-Lobster_Bisque",0
"DUSG-069-6-Blue_Haze",0
"DUSG-069-6-Lobster_Bisque",0
"DUSG-069-8-Blue_Haze",0
"DUSG-069-8-Lobster_Bisque",0
"DUSG-070-L-Green_Blue_Slate",0
"DUSG-070-L-Jester_Red",0
"DUSG-070-M-Green_Blue_Slate",0
"DUSG-070-M-Jester_Red",0
"DUSG-070-S-Green_Blue_Slate",0
"DUSG-070-S-Jester_Red",0
"DUSG-070-XL-Green_Blue_Slate",0
"DUSG-070-XL-Jester_Red",0
"DUSG-070-XXL-Green_Blue_Slate",0
"DUSG-070-XXL-Jester_Red",0
"DUSG-071-10-Green_Blue_Slate",0
"DUSG-071-10-Jester_Red",0
"DUSG-071-12-Green_Blue_Slate",0
"DUSG-071-12-Jester_Red",0
"DUSG-071-4-Green_Blue_Slate",0
"DUSG-071-4-Jester_Red",0
"DUSG-071-6-Green_Blue_Slate",0
"DUSG-071-6-Jester_Red",0
"DUSG-071-8-Green_Blue_Slate",0
"DUSG-071-8-Jester_Red",0
"DUSG-072-L-Burgundy",0
"DUSG-072-L-Ocean_Depth",0
"DUSG-072-M-Burgundy",0
"DUSG-072-M-Ocean_Depth",0
"DUSG-072-S-Burgundy",0
"DUSG-072-S-Ocean_Depth",0
"DUSG-072-XL-Burgundy",0
"DUSG-072-XL-Ocean_Depth",0
"DUSG-072-XXL-Burgundy",0
"DUSG-072-XXL-Ocean_Depth",0
"DUSG-073-10-Burgundy",0
"DUSG-073-10-Ocean_Depth",0
"DUSG-073-12-Burgundy",0
"DUSG-073-12-Ocean_Depth",0
"DUSG-073-4-Burgundy",0
"DUSG-073-4-Ocean_Depth",0
"DUSG-073-6-Burgundy",0
"DUSG-073-6-Ocean_Depth",0
"DUSG-073-8-Burgundy",0
"DUSG-073-8-Ocean_Depth",0
"DUSG-074-L-Natural",0
"DUSG-074-M-Natural",0
"DUSG-074-XL-Natural",0
"DUSG-074-XXL-Natural",0
"DUSG-075-L-New_Wheat",25
"DUSG-075-M-New_Wheat",3
"DUSG-075-S-New_Wheat",0
"DUSG-075-XL-New_Wheat",31
"DUSG-075-XXL-New_Wheat",28
"DUSG-076-L-New_Wheat",5
"DUSG-076-M-New_Wheat",0
"DUSG-076-S-New_Wheat",0
"DUSG-076-XL-New_Wheat",9
"DUSG-076-XXL-New_Wheat",17
187,0
"DUSG-077-M-Endive",0
"DUSG-077-S-Endive",0
"DUSG-077-XL-Endive",28
"DUSG-077-XXL-Endive",17
"DUSG-078-L-Endive",26
"DUSG-078-M-Endive",11
"DUSG-078-S-Endive",0
"DUSG-078-XL-Endive",19
"DUSG-078-XXL-Endive",29
"DUSG-079-L-Endive",0
"DUSG-079-L-Green_Moss",0
"DUSG-079-L-True_Navy",0
"DUSG-079-M-Endive",0
"DUSG-079-M-Green_Moss",0
"DUSG-079-M-True_Navy",0
"DUSG-079-XL-Endive",0
"DUSG-079-XL-Green_Moss",0
"DUSG-079-XL-True_Navy",0
"DUSG-079-XXL-Endive",0
"DUSG-079-XXL-Green_Moss",0
"DUSG-079-XXL-True_Navy",0
"DUSG-080-L-Natural",0
"DUSG-080-M-Natural",0
"DUSG-080-S-Natural",0
"DUSG-080-XL-Natural",0
"DUSG-080-XXL-Natural",0
"DUSG-081-L-Natural",0
"DUSG-081-M-Natural",0
"DUSG-081-S-Natural",0
"DUSG-081-XL-Natural",0
"DUSG-081-XXL-Natural",0
"DUSG-082-L-Natural",0
"DUSG-082-M-Natural",0
"DUSG-082-S-Natural",0
"DUSG-082-XL-Natural",0
"DUSG-082-XXL-Natural",0
"DUSG-083-10-Natural",0
"DUSG-083-12-Natural",0
"DUSG-083-4-Natural",0
"DUSG-083-6-Natural",0
"DUSG-083-8-Natural",0
"DUSG-084-L-Natural",0
"DUSG-084-M-Natural",0
"DUSG-084-S-Natural",0
"DUSG-084-XL-Natural",0
"DUSG-084-XXL-Natural",0
"DUSG-085-L-Natural",0
"DUSG-085-M-Natural",0
"DUSG-085-S-Natural",0
"DUSG-085-XL-Natural",0
"DUSG-085-XXL-Natural",0
"DUSG-086-L-Natural",0
"DUSG-086-M-Natural",0
"DUSG-086-S-Natural",0
"DUSG-086-XL-Natural",0
"DUSG-086-XXL-Natural",0
"DUSG-087-L-Natural",0
"DUSG-087-M-Natural",0
"DUSG-087-S-Natural",0
"DUSG-087-XL-Natural",0
"DUSG-087-XXL-Natural",0
"DUSG-088-L-Pink",28
"DUSG-088-M-Pink",8
"DUSG-088-XL-Pink",10
"DUSG-088-XXL-Pink",0
"DUSG-088-XXXL-Pink",0
"DUSG-089-L-Grey",32
"DUSG-089-L-Purple",28
"DUSG-089-M-Grey",32
"DUSG-089-M-Purple",2
"DUSG-089-XL-Grey",37
"DUSG-089-XL-Purple",20
"DUSG-089-XXL-Grey",11
"DUSG-089-XXL-Purple",28
"DUSG-089-XXXL-Grey",18
"DUSG-089-XXXL-Purple",19
"DUSG-090-L-Beige",13
"DUSG-090-M-Beige",0
"DUSG-090-XL-Beige",11
"DUSG-090-XXL-Beige",6
"DUSG-090-XXXL-Beige",23
"DUSG-091-L-Beige",6
"DUSG-091-M-Beige",0
"DUSG-091-XL-Beige",0
"DUSG-091-XXL-Beige",0
"DUSG-091-XXXL-Beige",19
"DUSG-092-L-Natural_to_Red",31
"DUSG-092-M-Natural_to_Red",18
"DUSG-092-XL-Natural_to_Red",27
"DUSG-092-XXL-Natural_to_Red",24
"DUSG-092-XXXL-Natural_to_Red",0
"DUSG-093-L-Natural_to_Purple",9
"DUSG-093-M-Natural_to_Purple",31
"DUSG-093-XL-Natural_to_Purple",8
"DUSG-093-XXL-Natural_to_Purple",8
"DUSG-093-XXXL-Natural_to_Purple",0
"DUSG-094-L-Natural_to_Green",7
"DUSG-094-M-Natural_to_Green",16
"DUSG-094-XL-Natural_to_Green",5
"DUSG-094-XXL-Natural_to_Green",9
"DUSG-094-XXXL-Natural_to_Green",0
"DUSG-095-L-Green",0
"DUSG-095-L-Natural",34
"DUSG-095-M-Green",0
"DUSG-095-M-Natural",16
"DUSG-095-XL-Green",8
"DUSG-095-XL-Natural",22
"DUSG-095-XXL-Green",2
"DUSG-095-XXL-Natural",5
"DUSG-095-XXXL-Green",15
"DUSG-095-XXXL-Natural",8
"DUSG-096-L-Charcoal_Melange",0
"DUSG-096-L-Grey_Melange",0
"DUSG-096-M-Charcoal_Melange",0
"DUSG-096-M-Grey_Melange",0
"DUSG-096-XL-Charcoal_Melange",0
"DUSG-096-XL-Grey_Melange",0
"DUSG-096-XXL-Charcoal_Melange",0
"DUSG-096-XXL-Grey_Melange",0
"DUSG-098-L-Blue",0
"DUSG-098-L-Red",0
"DUSG-098-M-Blue",0
"DUSG-098-M-Red",0
"DUSG-098-S-Blue",0
"DUSG-098-S-Red",0
"DUSG-098-XL-Blue",0
"DUSG-098-XL-Red",0
"DUSG-098-XXL-Blue",0
"DUSG-098-XXL-Red",0
"DUSG-099-L-Forest_AOP",0
"DUSG-099-M-Forest_AOP",0
"DUSG-099-S-Forest_AOP",0
"DUSG-099-XL-Forest_AOP",0
"DUSG-099-XXL-Forest_AOP",13
"DUSG-100-L-Grey_Violet",0
"DUSG-100-M-Grey_Violet",0
"DUSG-100-S-Grey_Violet",0
"DUSG-100-XL-Grey_Violet",0
"DUSG-100-XXL-Grey_Violet",0
"DUSG-101-L-Shell",9
"DUSG-101-M-Shell",0
"DUSG-101-S-Shell",4
"DUSG-101-XL-Shell",7
"DUSG-101-XXL-Shell",0
"DUSG-102-L-Starlight_Blue",0
"DUSG-102-M-Starlight_Blue",0
"DUSG-102-S-Starlight_Blue",0
"DUSG-102-XL-Starlight_Blue",0
"DUSG-102-XXL-Starlight_Blue",0
"DUSG-103-10-Vanilla",0
"DUSG-103-12-Vanilla",0
"DUSG-103-4-Vanilla",6
"DUSG-103-6-Vanilla",2
"DUSG-103-8-Vanilla",2
"DUSG-104-10-Vibrant_Yellow",0
"DUSG-104-12-Vibrant_Yellow",0
"DUSG-104-4-Vibrant_Yellow",5
"DUSG-104-6-Vibrant_Yellow",1
"DUSG-104-8-Vibrant_Yellow",3
"DUSG-105-10-Light_Green",0
"DUSG-105-12-Light_Green",0
"DUSG-105-4-Light_Green",7
"DUSG-105-6-Light_Green",1
"DUSG-105-8-Light_Green",0
"DUSG-106-10-Light_Blue",0
"DUSG-106-12-Light_Blue",0
"DUSG-106-4-Light_Blue",0
"DUSG-106-6-Light_Blue",1
"DUSG-106-8-Light_Blue",0
"DUSG-107-L-Brown",0
"DUSG-107-L-Light_Blue",0
"DUSG-107-L-Light_Green",0
"DUSG-107-M-Brown",0
"DUSG-107-M-Light_Blue",0
"DUSG-107-M-Light_Green",0
"DUSG-107-XL-Brown",0
"DUSG-107-XL-Light_Blue",0
"DUSG-107-XL-Light_Green",0
"DUSG-107-XXL-Brown",0
"DUSG-107-XXL-Light_Blue",0
"DUSG-107-XXL-Light_Green",0
"DUSG-108-L-Light_Green",0
"DUSG-108-L-Yellow",0
"DUSG-108-M-Light_Green",0
"DUSG-108-M-Yellow",0
"DUSG-108-XL-Light_Green",0
"DUSG-108-XL-Yellow",0
"DUSG-108-XXL-Light_Green",0
"DUSG-108-XXL-Yellow",0
"DUSG-109-L-Allover_Printed_Leaf",17
"DUSG-109-M-Allover_Printed_Leaf",26
"DUSG-109-XL-Allover_Printed_Leaf",0
"DUSG-109-XXL-Allover_Printed_Leaf",0
"DUSG-110-Black",3
"DUSG-111-L-Natural",0
"DUSG-111-M-Natural",0
"DUSG-111-XL-Natural",0
"DUSG-111-XXL-Natural",0
"DUSG-113-L-White",18
"DUSG-113-M-White",9
"DUSG-113-XL-White",15
"DUSG-113-XXL-White",18
"DUSG-112-L-Black",19
"DUSG-112-M-Black",22
"DUSG-112-XL-Black",0
"DUSG-112-XXL-Black",0
"DUSG-114-L-Natural",9
"DUSG-114-M-Natural",3
"DUSG-114-XL-Natural",15
"DUSG-114-XXL-Natural",18
"DUSG-115-L-Pink",9
"DUSG-115-M-Pink",4
"DUSG-115-XL-Pink",0
"DUSG-115-XXL-Pink",2
"DUSG-116-L-Black",0
"DUSG-116-M-Black",0
"DUSG-116-XL-Black",0
"DUSG-116-XXL-Black",4
"DUSG-117-L-White",6
"DUSG-117-M-White",3
"DUSG-117-XL-White",0
"DUSG-117-XXL-White",0
"DUSG-118-L-Black",11
"DUSG-118-M-Black",9
"DUSG-118-XL-Black",11
"DUSG-118-XXL-Black",24
"DUSG-119-L-Natural",27
"DUSG-119-M-Natural",16
"DUSG-119-XL-Natural",10
"DUSG-119-XXL-Natural",14
"DUSG-120-L-Natural",0
"DUSG-120-M-Natural",0
"DUSG-120-XL-Natural",0
"DUSG-120-XXL-Natural",0
"DUSG-121-L-Natural",0
"DUSG-121-M-Natural",0
"DUSG-121-XL-Natural",0
"DUSG-121-XXL-Natural",0
"DUSG-122-L-Grey",0
"DUSG-122-L-White",0
"DUSG-122-M-Grey",0
"DUSG-122-M-White",0
"DUSG-122-S-Grey",0
"DUSG-122-S-White",0
"DUSG-122-XL-Grey",0
"DUSG-122-XL-White",0
"DUSG-122-XXL-Grey",0
"DUSG-122-XXL-White",0
"DUSG-123-L-Navy",0
"DUSG-123-M-Navy",0
"DUSG-123-S-Navy",0
"DUSG-123-XL-Navy",0
"DUSG-123-XXL-Navy",0
"DUSG-124-L-Blue",0
"DUSG-124-L-Navy",0
"DUSG-124-L-White",0
"DUSG-124-M-Blue",0
"DUSG-124-M-Navy",0
"DUSG-124-M-White",0
"DUSG-124-S-Blue",0
"DUSG-124-S-Navy",0
"DUSG-124-S-White",0
"DUSG-124-XL-Blue",0
"DUSG-124-XL-Navy",0
"DUSG-124-XL-White",0
"DUSG-124-XXL-Blue",0
"DUSG-124-XXL-Navy",0
"DUSG-124-XXL-White",1
"DUSG-125-L-Grey",5
"DUSG-125-M-Grey",10
"DUSG-125-S-Grey",2
"DUSG-125-XL-Grey",1
"DUSG-125-XXL-Grey",5
"DUSG-126-L-Black_",14
"DUSG-126-M-Black_",0
"DUSG-126-S-Black_",0
"DUSG-126-XL-Black_",0
"DUSG-126-XXL-Black_",6
"DUSG-127-L-Deep_Teal",6
"DUSG-127-L-Ivy_Green",0
"DUSG-127-M-Deep_Teal",1
"DUSG-127-M-Ivy_Green",0
"DUSG-127-S-Deep_Teal",0
"DUSG-127-S-Ivy_Green",0
"DUSG-127-XL-Deep_Teal",14
"DUSG-127-XL-Ivy_Green",1
"DUSG-127-XXL-Deep_Teal",0
"DUSG-127-XXL-Ivy_Green",0
"DUSG-128-L-Deep_wist",0
"DUSG-128-L-Emberglow",0
"DUSG-128-M-Deep_wist",0
"DUSG-128-M-Emberglow",0
"DUSG-128-S-Deep_wist",0
"DUSG-128-S-Emberglow",0
"DUSG-128-XL-Deep_wist",0
"DUSG-128-XL-Emberglow",0
"DUSG-128-XXL-Deep_wist",0
"DUSG-128-XXL-Emberglow",0
"DUSG-129-L-Coral",23
"DUSG-129-L-Rose",26
"DUSG-129-M-Coral",25
"DUSG-129-M-Rose",27
"DUSG-129-S-Coral",4
"DUSG-129-S-Rose",8
"DUSG-129-XL-Coral",29
"DUSG-129-XL-Rose",27
"DUSG-129-XXL-Coral",25
"DUSG-129-XXL-Rose",31
"DUSG-130-L-Coral",23
"DUSG-130-L-Rose",20
"DUSG-130-M-Coral",35
"DUSG-130-M-Rose",26
"DUSG-130-S-Coral",5
"DUSG-130-S-Rose",7
"DUSG-130-XL-Coral",21
"DUSG-130-XL-Rose",12
"DUSG-130-XXL-Coral",12
"DUSG-130-XXL-Rose",0
"DUSG-131-L-Atlantis",0
"DUSG-131-L-Winter_Sky",11
"DUSG-131-M-Atlantis",14
"DUSG-131-M-Winter_Sky",12
"DUSG-131-S-Atlantis",1
"DUSG-131-S-Winter_Sky",0
"DUSG-131-XL-Atlantis",9
"DUSG-131-XL-Winter_Sky",15
"DUSG-131-XXL-Atlantis",3
"DUSG-131-XXL-Winter_Sky",3
"DUSG-133-L-Black",4
"DUSG-133-M-Black",0
"DUSG-133-S-Black",0
"DUSG-133-XL-Black",0
"DUSG-133-XXL-Black",0
"DUSG-134-L-Black",36
"DUSG-134-M-Black",0
"DUSG-134-S-Black",0
"DUSG-134-XL-Black",44
"DUSG-135-L-Beluga",0
"DUSG-135-L-Rosewater",0
"DUSG-135-M-Beluga",0
"DUSG-135-M-Rosewater",0
"DUSG-135-S-Beluga",0
"DUSG-135-S-Rosewater",0
"DUSG-135-XL-Beluga",0
"DUSG-135-XL-Rosewater",0
"DUSG-135-XXL-Beluga",12
"DUSG-135-XXL-Rosewater",15
"DUSG-137-L-Hawaiian",15
"DUSG-137-L-Rose_violet",13
"DUSG-137-M-Hawaiian",23
"DUSG-137-M-Rose_violet",1
"DUSG-137-S-Hawaiian",4
"DUSG-137-S-Rose_violet",0
"DUSG-137-XL-Hawaiian",4
"DUSG-137-XL-Rose_violet",0
"DUSG-137-XXL-Hawaiian",1
"DUSG-137-XXL-Rose_violet",0
"DUSG-138-L-Brown",0
"DUSG-138-M-Brown",0
"DUSG-138-S-Brown",0
"DUSG-138-XL-Brown",0
"DUSG-138-XXL-Brown",0
"DUSG-139-L-Green",0
"DUSG-139-M-Green",0
"DUSG-139-S-Green",42
"DUSG-139-XL-Green",0
"DUSG-139-XXL-Green",0
"DUSG-140-L-Beige",6
"DUSG-140-M-Beige",0
"DUSG-140-S-Beige",0
"DUSG-140-XL-Beige",6
"DUSG-140-XXL-Beige",0
"DUSG-141-L-Rust",0
"DUSG-141-M-Rust",10
"DUSG-141-S-Rust",22
"DUSG-141-XL-Rust",0
"DUSG-141-XXL-Rust",0
"DUSG-142-L-Red",0
"DUSG-142-M-Red",0
"DUSG-142-S-Red",0
"DUSG-142-XL-Red",8
"DUSG-142-XXL-Red",7
"DUSG-143-L-Snorkel_Blue",0
"DUSG-143-M-Snorkel_Blue",0
"DUSG-143-S-Snorkel_Blue",0
"DUSG-143-XL-Snorkel_Blue",0
"DUSG-143-XXL-Snorkel_Blue",0
"DUSG-144-L-White",27
"DUSG-144-M-White",12
"DUSG-144-S-White",0
"DUSG-144-XL-White",31
"DUSG-144-XXL-White",33
"DUSG-145-L-Arabesque",0
"DUSG-145-M-Arabesque",0
"DUSG-145-S-Arabesque",0
"DUSG-145-XL-Arabesque",0
"DUSG-145-XXL-Arabesque",0
"DUSG-146-L-Cloud_Dream",7
"DUSG-146-M-Cloud_Dream",6
"DUSG-146-S-Cloud_Dream",1
"DUSG-146-XL-Cloud_Dream",4
"DUSG-146-XXL-Cloud_Dream",7
"DUSG-147-L-Pumice_Stone",1
"DUSG-147-M-Pumice_Stone",1
"DUSG-147-S-Pumice_Stone",0
"DUSG-147-XL-Pumice_Stone",3
"DUSG-147-XXL-Pumice_Stone",2
"DUSG-148-L-Pale_Olive",18
"DUSG-148-M-Pale_Olive",13
"DUSG-148-S-Pale_Olive",11
"DUSG-148-XL-Pale_Olive",2
"DUSG-148-XXL-Pale_Olive",9
"DUSG-149-L-Olive",0
"DUSG-149-M-Olive",0
"DUSG-149-S-Olive",0
"DUSG-149-XL-Olive",0
"DUSG-149-XXL-Olive",0
"DUSG-150-L-Natural",0
"DUSG-150-M-Natural",1
"DUSG-150-S-Natural",2
"DUSG-150-XL-Natural",0
"DUSG-150-XXL-Natural",0
"DUSG-151-L-Natural",0
"DUSG-151-M-Natural",0
"DUSG-151-S-Natural",0
"DUSG-151-XL-Natural",0
"DUSG-151-XXL-Natural",0
"DUSG-152-L-Wine_Testing",23
"DUSG-152-M-Wine_Testing",20
"DUSG-152-S-Wine_Testing",6
"DUSG-153-L-Yolk_Yellow",25
"DUSG-153-M-Yolk_Yellow",13
"DUSG-153-S-Yolk_Yellow",2
"DUSG-154-L-Stone",30
"DUSG-154-L-Truenavy",25
"DUSG-154-M-Stone",10
"DUSG-154-M-Truenavy",10
"DUSG-154-S-Stone",0
"DUSG-154-S-Truenavy",1
"DUSG-154-XL-Stone",27
"DUSG-154-XL-Truenavy",31
"DUSG-154-XXL-Stone",13
"DUSG-154-XXL-Truenavy",10
"DUSG-155-L-Flame_scarlet",9
"DUSG-155-L-Misty_Jade",11
"DUSG-155-L-nostalgia",0
"DUSG-155-M-Flame_scarlet",18
"DUSG-155-M-Misty_Jade",17
"DUSG-155-M-nostalgia",1
"DUSG-155-S-Flame_scarlet",4
"DUSG-155-S-Misty_Jade",6
"DUSG-155-S-nostalgia",0
"DUSG-155-XL-Flame_scarlet",0
"DUSG-155-XL-Misty_Jade",8
"DUSG-155-XL-nostalgia",1
"DUSG-155-XXL-Flame_scarlet",2
"DUSG-155-XXL-Misty_Jade",0
"DUSG-155-XXL-nostalgia",0
"DUSG-156-L-Atlantis",16
"DUSG-156-M-Atlantis",17
"DUSG-156-S-Atlantis",25
"DUSG-156-XL-Atlantis",11
"DUSG-156-XXL-Atlantis",9
"DUSG-157-L-Winter_Sky",2
"DUSG-157-M-Winter_Sky",0
"DUSG-157-S-Winter_Sky",1
"DUSG-157-XL-Winter_Sky",0
"DUSG-157-XXL-Winter_Sky",1
"DUSG-158-L-Misty_Jade",0
"DUSG-158-M-Misty_Jade",0
"DUSG-158-S-Misty_Jade",0
"DUSG-158-XL-Misty_Jade",0
"DUSG-158-XXL-Misty_Jade",0
"DUSG-159-L-pin",0
"DUSG-159-L-White",1
"DUSG-159-M-pin",0
"DUSG-159-M-White",0
"DUSG-159-S-pin",0
"DUSG-159-S-White",0
"DUSG-159-XL-pin",0
"DUSG-159-XL-White",3
"DUSG-159-XXL-pin",0
"DUSG-159-XXL-White",0
"DUSG-160-L-Misty_Jade",0
"DUSG-160-M-Misty_Jade",0
"DUSG-160-S-Misty_Jade",0
"DUSG-160-XL-Misty_Jade",9
"DUSG-160-XXL-Misty_Jade",0
"DUSG-198-All_Over_Print-Free_Size",0
"DUSG-163-L-Arabesque",3
"DUSG-163-L-forest_green",6
"DUSG-163-M-Arabesque",0
"DUSG-163-M-forest_green",0
"DUSG-163-S-Arabesque",2
"DUSG-163-S-forest_green",4
"DUSG-163-XL-Arabesque",3
"DUSG-163-XL-forest_green",9
"DUSG-163-XXL-Arabesque",0
"DUSG-163-XXL-forest_green",4
"DUSG-172-L-Dark_Grey",13
"DUSG-172-M-Dark_Grey",16
"DUSG-172-S-Dark_Grey",1
"DUSG-172-XL-Dark_Grey",19
"DUSG-172-XXL-Dark_Grey",14
"DUSG-173-L-Misty_blue_",16
"DUSG-173-M-Misty_blue_",19
"DUSG-173-S-Misty_blue_",1
"DUSG-173-XL-Misty_blue_",11
"DUSG-173-XXL-Misty_blue_",9
"DUSG-175-L-Soft_Peach",0
"DUSG-175-M-Soft_Peach",0
"DUSG-175-S-Soft_Peach",0
"DUSG-175-XL-Soft_Peach",2
"DUSG-175-XXL-Soft_Peach",0
"DUSG-176-L-Fern_Green",5
"DUSG-176-M-Fern_Green",11
"DUSG-176-S-Fern_Green",2
"DUSG-176-XL-Fern_Green",10
"DUSG-176-XXL-Fern_Green",6
"DUSG-177-L-Limestone_Yellow",0
"DUSG-177-M-Limestone_Yellow",0
"DUSG-177-S-Limestone_Yellow",0
"DUSG-177-XL-Limestone_Yellow",4
"DUSG-177-XXL-Limestone_Yellow",0
"DUSG-178-L-Camouflage_Green",0
"DUSG-178-M-Camouflage_Green",0
"DUSG-178-S-Camouflage_Green",0
"DUSG-178-XL-Camouflage_Green",6
"DUSG-178-XXL-Camouflage_Green",6
"DUSG-180-L-Lavender",13
"DUSG-180-M-Lavender",17
"DUSG-180-S-Lavender",4
"DUSG-180-XL-Lavender",18
"DUSG-180-XXL-Lavender",4
"DUSG-181-L-Lavender",8
"DUSG-181-M-Lavender",4
"DUSG-181-S-Lavender",0
"DUSG-181-XL-Lavender",10
"DUSG-181-XXL-Lavender",9
"DUSG-182-L-Paradise_Pink",0
"DUSG-182-M-Paradise_Pink",0
"DUSG-182-S-Paradise_Pink",0
"DUSG-182-XL-Paradise_Pink",0
"DUSG-182-XXL-Paradise_Pink",0
"DUSG-183-L-White",1
"DUSG-183-M-White",0
"DUSG-183-S-White",7
"DUSG-183-XL-White",1
"DUSG-183-XXL-White",4
"DUSG-184-L-Bee",11
"DUSG-184-L-Renett",9
"DUSG-184-M-Bee",3
"DUSG-184-M-Renett",11
"DUSG-184-S-Bee",17
"DUSG-184-S-Renett",9
"DUSG-184-XL-Bee",18
"DUSG-184-XL-Renett",5
"DUSG-184-XXL-Bee",5
"DUSG-184-XXL-Renett",7
"DUSG-185-L-Padma",0
"DUSG-185-L-Radha_Krishna",0
"DUSG-185-L-RUBIA",0
"DUSG-185-M-Padma",0
"DUSG-185-M-Radha_Krishna",0
"DUSG-185-M-RUBIA",0
"DUSG-185-S-Padma",0
"DUSG-185-S-Radha_Krishna",0
"DUSG-185-S-RUBIA",0
"DUSG-186-L-Greystone",11
"DUSG-186-M-Greystone",0
"DUSG-186-XL-Greystone",16
"DUSG-187-L-Urban_Chic",30
"DUSG-187-M-Urban_Chic",26
"DUSG-187-S-Urban_Chic",0
"DUSG-187-XL-Urban_Chic",28
"DUSG-187-XXL-Urban_Chic",21
"DUSG-193-L-White",9
"DUSG-193-M-White",18
"DUSG-193-S-White",10
"DUSG-193-XL-White",12
"DUSG-193-XXL-White",2
"DUSG-B-01-12-Light_Blue",15
"DUSG-B-01-24-Light_Blue",16
"DUSG-B-01-3-Light_Blue",2
"DUSG-B-01-6-Light_Blue",13
"DUSG-B-02-12-Light_Blue",21
"DUSG-B-02-12-Pink",0
"DUSG-B-02-24-Light_Blue",11
"DUSG-B-02-24-Pink",0
"DUSG-B-02-3-Light_Blue",2
"DUSG-B-02-3-Pink",0
"DUSG-B-02-6-Light_Blue",16
"DUSG-B-02-6-Pink",0
"DUSG-B-03-12-Light_Blue",6
"DUSG-B-03-12-Pink",18
"DUSG-B-03-24-Light_Blue",15
"DUSG-B-03-24-Pink",16
"DUSG-B-03-3-Light_Blue",3
"DUSG-B-03-3-Pink",9
"DUSG-B-03-6-Light_Blue",33
"DUSG-B-03-6-Pink",27
"DUSG-B-04-12-Light_Blue",0
"DUSG-B-04-12-Pink",0
"DUSG-B-04-24-Light_Blue",0
"DUSG-B-04-24-Pink",0
"DUSG-B-04-3-Light_Blue",0
"DUSG-B-04-3-Pink",0
"DUSG-B-04-6-Light_Blue",0
"DUSG-B-04-6-Pink",5
"DUSG-B-05-12-Light_Blue",0
"DUSG-B-05-12-Pink",0
"DUSG-B-05-24-Light_Blue",0
"DUSG-B-05-24-Pink",0
"DUSG-B-05-3-Light_Blue",0
"DUSG-B-05-3-Pink",0
"DUSG-B-05-6-Light_Blue",0
"DUSG-B-05-6-Pink",0
"dusg-vouch-500",0
"dusg-vouch-1000",0
"dusg-vouch-1500",0
"dusg-vouch-2000",0
"DUSG-164-L-Orchid_Bloom",9
"DUSG-164-L-Soft_Peach",14
"DUSG-164-M-Orchid_Bloom",15
"DUSG-164-M-Soft_Peach",14
"DUSG-164-S-Orchid_Bloom",13
"DUSG-164-S-Soft_Peach",11
"DUSG-164-XL-Orchid_Bloom",8
"DUSG-164-XL-Soft_Peach",7
"DUSG-164-XXL-Orchid_Bloom",3
"DUSG-164-XXL-Soft_Peach",4
"DUSG-178-b-L-Camouflage_Green",20
"DUSG-178-b-M-Camouflage_Green",12
"DUSG-178-b-S-Camouflage_Green",13
"DUSG-178-b-XL-Camouflage_Green",17
"DUSG-178-b-XXL-Camouflage_Green",15
"DUSG-179-L-White",9
"DUSG-179-M-White",0
"DUSG-179-S-White",0
"DUSG-179-XL-White",15
"DUSG-179-XXL-White",12
"DUSG-188-L-Golden_Olive",0
"DUSG-188-M-Golden_Olive",3
"DUSG-188-S-Golden_Olive",0
"DUSG-188-XL-Golden_Olive",14
"DUSG-188-XXL-Golden_Olive",0
"DUSG-189-L-Pristine",8
"DUSG-189-M-Pristine",4
"DUSG-189-S-Pristine",0
"DUSG-189-XL-Pristine",10
"DUSG-189-XXL-Pristine",2
"DUSG-190-L-Flame_Scarlet",5
"DUSG-190-M-Flame_Scarlet",6
"DUSG-190-S-Flame_Scarlet",7
"DUSG-190-XL-Flame_Scarlet",16
"DUSG-190-XXL-Flame_Scarlet",4
"DUSG-191-L-Rabbit",8
"DUSG-191-M-Rabbit",9
"DUSG-191-S-Rabbit",0
"DUSG-191-XL-Rabbit",16
"DUSG-191-XXL-Rabbit",19
"DUSG-194-L-Mauve_Orchid",14
"DUSG-194-L-Ocean_Wave",0
"DUSG-194-L-Porcelain_Rose",16
"DUSG-194-M-Mauve_Orchid",18
"DUSG-194-M-Ocean_Wave",1
"DUSG-194-M-Porcelain_Rose",18
"DUSG-194-S-Mauve_Orchid",1
"DUSG-194-S-Ocean_Wave",4
"DUSG-194-S-Porcelain_Rose",26
"DUSG-194-XL-Mauve_Orchid",9
"DUSG-194-XL-Ocean_Wave",0
"DUSG-194-XL-Porcelain_Rose",18
"DUSG-194-XXL-Mauve_Orchid",7
"DUSG-194-XXL-Ocean_Wave",2
"DUSG-194-XXL-Porcelain_Rose",0
"DUSG-195-L-Blue",1
"DUSG-195-M-Blue",5
"DUSG-195-S-Blue",2
"DUSG-195-XL-Blue",3
"DUSG-195-XXL-Blue",0
"DUSG-196-L-Blue",4
"DUSG-196-M-Blue",2
"DUSG-196-S-Blue",2
"DUSG-196-XL-Blue",8
"DUSG-196-XXL-Blue",4
"DUSG-162-L-African_Violet",13
"DUSG-162-L-Linen",13
"DUSG-162-M-African_Violet",6
"DUSG-162-M-Linen",6
"DUSG-162-S-African_Violet",19
"DUSG-162-S-Linen",4
"DUSG-162-XL-African_Violet",11
"DUSG-162-XL-Linen",9
"DUSG-162-XXL-African_Violet",6
"DUSG-162-XXL-Linen",0
"DUSG-169-L-African_Violet",17
"DUSG-169-L-Ash",0
"DUSG-169-M-African_Violet",13
"DUSG-169-M-Ash",1
"DUSG-169-S-African_Violet",17
"DUSG-169-S-Ash",1
"DUSG-169-XL-African_Violet",12
"DUSG-169-XL-Ash",0
"DUSG-169-XXL-African_Violet",4
"DUSG-169-XXL-Ash",0
"DUSG-170-L-African_Violet",19
"DUSG-170-L-Ash",7
"DUSG-170-M-African_Violet",18
"DUSG-170-M-Ash",10
"DUSG-170-S-African_Violet",15
"DUSG-170-S-Ash",11
"DUSG-170-XL-African_Violet",10
"DUSG-170-XL-Ash",20
"DUSG-170-XXL-African_Violet",2
"DUSG-170-XXL-Ash",0
"DUSG-008-L-Olive",22
"DUSG-008-M-Olive",21
"DUSG-008-S-Olive",8
"DUSG-008-XL-Olive",0
"DUSG-119-L-Black",15
"DUSG-119-M-Black",4
"DUSG-119-XL-Black",12
"DUSG-119-XXL-Black",0
"DUSG-119-S-Black",8
"DUSG_205_TEAL_S",1
"DUSG_205_TEAL_M",7
"DUSG_205_TEAL_L",5
"DUSG_205_TEAL_XL",8
"DUSG_205_TEAL_XXL",9
"DUSG_205_TEAL_3XL",0
"DUSG_228_TEAL_S",2
"DUSG_228_TEAL_M",7
"DUSG_228_TEAL_L",13
"DUSG_228_TEAL_XL",12
"DUSG_228_TEAL_XXL",4
"DUSG_228_TEAL_3XL",0
"DUSG_228_RUST-BROWN_S",4
"DUSG_228_RUST-BROWN_M",5
"DUSG_228_RUST-BROWN_L",12
"DUSG_228_RUST-BROWN_XL",8
"DUSG_228_RUST-BROWN_XXL",6
"DUSG_228_RUST-BROWN_3XL",0
"DUSG_229_JET-BLACK-CORAL_S",10
"DUSG_229_JET-BLACK-CORAL_M",48
"DUSG_229_JET-BLACK-CORAL_L",56
"DUSG_229_JET-BLACK-CORAL_XL",33
"DUSG_229_JET-BLACK-CORAL_XXL",26
"DUSG_229_JET-BLACK-CORAL_3XL",10
"DUSG_230_JET-BLACK-CORAL_S",10
"DUSG_230_JET-BLACK-CORAL_M",9
"DUSG_230_JET-BLACK-CORAL_L",0
"DUSG_230_JET-BLACK-CORAL_XL",12
"DUSG_230_JET-BLACK-CORAL_XXL",6
"DUSG_230_JET-BLACK-CORAL_3XL",0
"DUSG_230_WINE-SEASHELL-PINK_S",22
"DUSG_230_WINE-SEASHELL-PINK_M",43
"DUSG_230_WINE-SEASHELL-PINK_L",42
"DUSG_230_WINE-SEASHELL-PINK_XL",26
"DUSG_230_WINE-SEASHELL-PINK_XXL",23
"DUSG_230_WINE-SEASHELL-PINK_3XL",18
"DUSG_053_12_true-navy",0
"DUSG_203_S_PUPPY-RED",12
"DUSG_203_M_PUPPY-RED",14
"DUSG_203_L_PUPPY-RED",13
"DUSG_203_XL_PUPPY-RED",12
"DUSG_203_XXL_PUPPY-RED",10
"DUSG_203_3XL_PUPPY-RED",5
"DUSG_206_S_ADMIRAL-NAVY",15
"DUSG_206_M_ADMIRAL-NAVY",13
"DUSG_206_L_ADMIRAL-NAVY",17
"DUSG_206_XL_ADMIRAL-NAVY",7
"DUSG_206_XXL_ADMIRAL-NAVY",9
"DUSG_206_3XL_ADMIRAL-NAVY",10
"DUSG_206_S_PEACH",8
"DUSG_206_M_PEACH",23
"DUSG_206_L_PEACH",24
"DUSG_206_XL_PEACH",13
"DUSG_206_XXL_PEACH",9
"DUSG_206_3XL_PEACH",12
"DUSG_236_S_WILLOW-GREY",0
"DUSG_236_M_WILLOW-GREY",13
"DUSG_236_L_WILLOW-GREY",13
"DUSG_236_XL_WILLOW-GREY",6
"DUSG_236_XXL_WILLOW-GREY",10
"DUSG_236_3XL_WILLOW-GREY",11
"DUSG_222_S_WILLOW-GREY",5
"DUSG_222_M_WILLOW-GREY",10
"DUSG_222_L_WILLOW-GREY",9
"DUSG_222_XL_WILLOW-GREY",4
"DUSG_222_XXL_WILLOW-GREY",4
"DUSG_222_3XL_WILLOW-GREY",10
"DUSG_223_S_WHISPER-WHITE",6
"DUSG_223_M_WHISPER-WHITE",15
"DUSG_223_L_WHISPER-WHITE",3
"DUSG_223_XL_WHISPER-WHITE",10
"DUSG_223_XXL_WHISPER-WHITE",7
"DUSG_223_3XL_WHISPER-WHITE",9
"DUSG_224_S_DEEP-BROWN",2
"DUSG_224_M_DEEP-BROWN",13
"DUSG_224_L_DEEP-BROWN",19
"DUSG_224_XL_DEEP-BROWN",20
"DUSG_224_XXL_DEEP-BROWN",8
"DUSG_224_3XL_DEEP-BROWN",6
"DUSG_224_S_OLIVE",5
"DUSG_224_M_OLIVE",17
"DUSG_224_L_OLIVE",21
"DUSG_224_XL_OLIVE",13
"DUSG_224_XXL_OLIVE",12
"DUSG_224_3XL_OLIVE",28
"DUSG_224_S_BEIGE",0
"DUSG_224_M_BEIGE",17
"DUSG_224_L_BEIGE",14
"DUSG_224_XL_BEIGE",5
"DUSG_224_XXL_BEIGE",11
"DUSG_224_3XL_BEIGE",8
"DUSG_225_S_MULTI-STRIPES",10
"DUSG_225_M_MULTI-STRIPES",16
"DUSG_225_L_MULTI-STRIPES",40
"DUSG_225_XL_MULTI-STRIPES",43
"DUSG_225_XXL_MULTI-STRIPES",17
"DUSG_225_3XL_MULTI-STRIPES",12
"DUSG_194_M_AQUA-BLUE",17
"DUSG_194_L_AQUA-BLUE",15
"DUSG_194_XL_AQUA-BLUE",0
"DUSG_194_XXL_AQUA-BLUE",0
"DUSG_194_3XL_AQUA-BLUE",0
"DUSG_242_S_AQUA-BLUE",5
"DUSG_242_M_AQUA-BLUE",9
"DUSG_242_L_AQUA-BLUE",13
"DUSG-207-WWT-S-Whisper_White",7
"DUSG-207-WWT-M-Whisper_White",22
"DUSG-207-WWT-L-Whisper_White",20
"DUSG-207-WWT-XL-Whisper_White",11
"DUSG-207-WWT-3XL-Whisper_White",7
"DUSG-207-WWT-XXL-Whisper_White",8
"DUSG-207-YLW-S-Yellow",6
"DUSG-207-YLW-M-Yellow",17
"DUSG-207-YLW-L-Yellow",12
"DUSG-207-YLW-XL-Yellow",7
"DUSG-207-YLW-3XL-Yellow",9
"DUSG-207-YLW-XXL-Yellow",5
"DUSG_208_S_PINK-NECTAR-WINE",14
"DUSG_208_M_PINK-NECTAR-WINE",31
"DUSG_208_L_PINK-NECTAR-WINE",40
"DUSG_208_XL_PINK-NECTAR-WINE",38
"DUSG_208_XXL_PINK-NECTAR-WINE",13
"DUSG_208_3XL_PINK-NECTAR-WINE",12
"DUSG_209_S_WINE",0
"DUSG_209_M_WINE",24
"DUSG_209_L_WINE",41
"DUSG_209_XL_WINE",41
"DUSG_209_XXL_WINE",2
"DUSG_209_3XL_WINE",4
"DUSG_210_S_ANTIQUE-WHITE",0
"DUSG_210_M_ANTIQUE-WHITE",27
"DUSG_210_L_ANTIQUE-WHITE",35
"DUSG_210_XL_ANTIQUE-WHITE",32
"DUSG_210_XXL_ANTIQUE-WHITE",14
"DUSG_210_3XL_ANTIQUE-WHITE",5
"DUSG_212_S_ALLURE---MORNING-MIST",6
"DUSG_212_M_ALLURE---MORNING-MIST",24
"DUSG_212_L_ALLURE---MORNING-MIST",30
"DUSG_212_XL_ALLURE---MORNING-MIST",42
"DUSG_212_XXL_ALLURE---MORNING-MIST",11
"DUSG_212_3XL_ALLURE---MORNING-MIST",12
"DUSG_213_S_BRIGHT-BLUE",0
"DUSG_213_M_BRIGHT-BLUE",30
"DUSG_213_L_BRIGHT-BLUE",47
"DUSG_213_XL_BRIGHT-BLUE",47
"DUSG_213_XXL_BRIGHT-BLUE",18
"DUSG_213_3XL_BRIGHT-BLUE",12
"DUSG_214_S_ALOE",4
"DUSG_214_M_ALOE",25
"DUSG_214_L_ALOE",33
"DUSG_214_XL_ALOE",33
"DUSG_214_XXL_ALOE",1
"DUSG_214_3XL_ALOE",3
"DUSG_216_S_CITRUS-YELLOW",3
"DUSG_216_M_CITRUS-YELLOW",29
"DUSG_216_L_CITRUS-YELLOW",46
"DUSG_216_XL_CITRUS-YELLOW",44
"DUSG_216_XXL_CITRUS-YELLOW",19
"DUSG_216_3XL_CITRUS-YELLOW",15
"DUSG_217_S_MOON-ROCK",17
"DUSG_217_M_MOON-ROCK",41
"DUSG_217_L_MOON-ROCK",50
"DUSG_217_XL_MOON-ROCK",46
"DUSG_217_XXL_MOON-ROCK",20
"DUSG_217_3XL_MOON-ROCK",16
"DUSG_218_S_MILD-ORANGE",17
"DUSG_218_M_MILD-ORANGE",49
"DUSG_218_L_MILD-ORANGE",47
"DUSG_218_XL_MILD-ORANGE",47
"DUSG_218_XXL_MILD-ORANGE",17
"DUSG_218_3XL_MILD-ORANGE",16
"DUSG_220_S_SEASHELL-PINK---SKY-BLUE",5
"DUSG_220_M_SEASHELL-PINK---SKY-BLUE",38
"DUSG_220_L_SEASHELL-PINK---SKY-BLUE",44
"DUSG_220_XL_SEASHELL-PINK---SKY-BLUE",44
"DUSG_220_XXL_SEASHELL-PINK---SKY-BLUE",14
"DUSG_220_3XL_SEASHELL-PINK---SKY-BLUE",15
"DUSG_221_S_AUTUMN-GAZE",14
"DUSG_221_M_AUTUMN-GAZE",46
"DUSG_221_L_AUTUMN-GAZE",42
"DUSG_221_XL_AUTUMN-GAZE",47
"DUSG_221_XXL_AUTUMN-GAZE",16
"DUSG_221_3XL_AUTUMN-GAZE",10
"DUSG_201-S-CERAMIC",14
"DUSG_201-M-CERAMIC",22
"DUSG_201-L-CERAMIC",26
"DUSG_201-XL-CERAMIC",8
"DUSG_201-XXL-CERAMIC",9
"DUSG_201-3XL-CERAMIC",9
"DUSG_201-S-PEACH",15
"DUSG_201-M-PEACH",25
"DUSG_201-L-PEACH",23
"DUSG_201-XL-PEACH",12
"DUSG_201-XXL-PEACH",10
"DUSG_201-3XL-PEACH",11
"DUSG-134-3XL-Black",25
"DUSG-134-XXL-Black",28
"DUSG-B-01-12-Light_Pink",10
"DUSG-B-01-24-Light_Pink",0
"DUSG-B-01-3-Light_Pink",2
"DUSG-B-01-6-Light_Pink",11
"DUSG-095-S-BLACK",12
"DUSG-095-M-BLACK",66
"DUSG-095-L-BLACK",66
"DUSG_204_4_Aqua-Blue",9
"DUSG_204_6_Aqua-Blue",0
"DUSG_204_8_Aqua-Blue",0
"DUSG_204_10_Aqua-Blue",0
"DUSG_204_12_Aqua-Blue",1
"DUSG_222_4_Willow-Grey",7
"DUSG_222_6_Willow-Grey",25
"DUSG_222_8_Willow-Grey",40
"DUSG_222_10_Willow-Grey",36
"DUSG_222_12_Willow-Grey",27
"DUSG_223_4_Whisper-White",8
"DUSG_223_6_Whisper-White",18
"DUSG_223_8_Whisper-White",30
"DUSG_223_10_Whisper-White",33
"DUSG_223_12_Whisper-White",24
"DUSG_224_4_Deep-Brown",20
"DUSG_224_6_Deep-Brown",23
"DUSG_224_8_Deep-Brown",46
"DUSG_224_10_Deep-Brown",42
"DUSG_224_12_Deep-Brown",38
"DUSG_224_4_Olive",13
"DUSG_224_6_Olive",17
"DUSG_224_8_Olive",37
"DUSG_224_10_Olive",34
"DUSG_224_12_Olive",32
"DUSG_224_4_Beige",0
"DUSG_224_6_Beige",0
"DUSG_224_8_Beige",0
"DUSG_224_10_Beige",1
"DUSG_224_12_Beige",0
"DUSG_225_4_Multi-Stripes",13
"DUSG_225_6_Multi-Stripes",20
"DUSG_225_8_Multi-Stripes",23
"DUSG_225_10_Multi-Stripes",38
"DUSG_225_12_Multi-Stripes",31
"DUSG_227_4_Mustard-Yellow",0
"DUSG_227_6_Mustard-Yellow",4
"DUSG_227_8_Mustard-Yellow",17
"DUSG_227_10_Mustard-Yellow",16
"DUSG_227_12_Mustard-Yellow",14
"DUSG_235_4_Light-Green",20
"DUSG_235_6_Light-Green",26
"DUSG_235_8_Light-Green",46
"DUSG_235_10_Light-Green",42
"DUSG_235_12_Light-Green",40
"DUSG_237_4_Aqua-Blue",4
"DUSG_237_6_Aqua-Blue",12
"DUSG_237_8_Aqua-Blue",9
"DUSG_237_10_Aqua-Blue",11
"DUSG_237_12_Aqua-Blue",11
"DUSG_235_S_Light-Green",22
"DUSG_235_M_Light-Green",38
"DUSG_235_L_Light-Green",50
"DUSG_235_XL_Light-Green",49
"DUSG_235_XXL_Light-Green",23
"DUSG_235_3XL_Light-Green",15
"DUSG_203_S_Provincia-Blue",15
"DUSG_203_M_Provincia-Blue",13
"DUSG_203_L_Provincia-Blue",17
"DUSG_203_XL_Provincia-Blue",7
"DUSG_203_XXL_Provincia-Blue",9
"DUSG_203_3XL_Provincia-Blue",10
"DUSG-095-XL-BLACK",11
"DUSG-260",0
"DUSG-261",0
"DUSG-006-S-Brown",0
"DUSG-006-M-Brown",0
"DUSG-006-L-Brown",0
"DUSG-034-6-Olive",0
"DUSG_194_S_Aqua-Blue",21
"DUSG-232_Stone_4Y",0
"DUSG-232_Stone_6Y",15
"DUSG-232_Stone_8Y",21
"DUSG-232_Stone_10Y",19
"DUSG-232_Stone_12Y",8
"DUSG-233_Orange_4Y",15
"DUSG-233_Orange_6Y",26
"DUSG-233_Orange_8Y",28
"DUSG-233_Orange_10Y",27
"DUSG-233_Orange_12Y",24
"DUSG-234_Beige_4Y",0
"DUSG-234_Beige_6Y",0
"DUSG-234_Beige_8Y",0
"DUSG-234_Beige_10Y",0
"DUSG-234_Beige_12Y",0
"DUSG-250_Stone_4Y",16
"DUSG-250_Stone_6Y",17
"DUSG-250_Stone_8Y",21
"DUSG-250_Stone_10Y",33
"DUSG-250_Stone_12Y",25
"DUSG-251_Olive_4Y",0
"DUSG-251_Olive_6Y",3
"DUSG-251_Olive_8Y",7
"DUSG-251_Olive_10Y",7
"DUSG-251_Olive_12Y",0
"DUSG-001-L-Brown",0
"DUSG-001-M-Blue",0
"DUSG-001-M-Brown",0
"DUSG-001-S-Blue",0
"DUSG-001-S-Brown",0
"DUSG-001-XL-Blue",0
"DUSG-001-XL-Brown",0
"DUSG-001-L-Blue_",0
"DUSG-002-10-Blue",0
"DUSG-002-10-Brown",0
"DUSG-002-12-Blue",0
"DUSG-002-12-Brown",0
"DUSG-002-8-Blue",0
"DUSG-002-8-Brown",0
"DUSG-003-L-Olive",0
"DUSG-003-M-Olive",0
"DUSG-003-S-Olive",0
"DUSG-003-XL-Olive",0
"DUSG-004-10-Olive",0
"DUSG-004-12-Olive",0
"DUSG-004-8-Olive",0
"DUSG-005-L-Aqua_Blue",0
"DUSG-005-L-Beige",0
"DUSG-005-M-Aqua_Blue",0
"DUSG-005-M-Beige",0
"DUSG-005-S-Aqua_Blue",0
"DUSG-005-S-Beige",0
"DUSG-005-XL-Aqua_Blue",0
"DUSG-005-XL-Beige",0
"DUSG-006-L-Beige_All_over_printed",0
"DUSG-006-M-Beige_All_over_printed",0
"DUSG-006-S-Beige_All_over_printed",0
"DUSG-006-XL-Beige_All_over_printed",0
"DUSG-007-10-Beige_All_over_printed",0
"DUSG-007-12-Beige_All_over_printed",0
"DUSG-007-8-Beige_All_over_printed",0
"DUSG-008-L-Olive_All_over_printed",0
"DUSG-008-M-Olive_All_over_printed",0
"DUSG-008-S-Olive_All_over_printed",0
"DUSG-008-XL-Olive_All_over_printed",0
"DUSG-009-10-Olive",0
"DUSG-009-10-Olive_All_over_printed",0
"DUSG-009-12-Olive",0
"DUSG-009-12-Olive_All_over_printed",0
"DUSG-009-8-Olive",0
"DUSG-009-8-Olive_All_over_printed",0
"DUSG-010-L-Red",0
"DUSG-010-L-Yellow",0
"DUSG-010-M-Red",0
"DUSG-010-M-Yellow",0
"DUSG-010-S-Red",0
"DUSG-010-S-Yellow",0
"DUSG-010-XL-Red",0
"DUSG-010-XL-Yellow",0
"DUSG-011-L-Yellow",0
"DUSG-011-M-Yellow",0
"DUSG-011-S-Yellow",0
"DUSG-011-XL-Yellow",0
"DUSG-012-L-Cappuccino",0
"DUSG-012-L-Olive",0
"DUSG-012-L-Rust",0
"DUSG-012-M-Cappuccino",0
"DUSG-012-M-Olive",0
"DUSG-012-M-Rust",0
"DUSG-012-S-Cappuccino",0
"DUSG-012-S-Olive",0
"DUSG-012-S-Rust",0
"DUSG-012-XL-Cappuccino",0
"DUSG-012-XL-Olive",0
"DUSG-012-XL-Rust",0
"DUSG-012-XXL-Cappuccino",0
"DUSG-012-XXL-Olive",0
"DUSG-012-XXL-Rust",0
"DUSG-013-L-Cappuccino",0
"DUSG-013-L-Olive",0
"DUSG-013-M-Cappuccino",0
"DUSG-013-M-Olive",0
"DUSG-013-S-Cappuccino",0
"DUSG-013-S-Olive",0
"DUSG-013-XL-Cappuccino",0
"DUSG-013-XL-Olive",0
"DUSG-014-L-Beige",0
"DUSG-014-L-Olive",0
"DUSG-014-M-Beige",0
"DUSG-014-M-Olive",0
"DUSG-014-S-Beige",0
"DUSG-014-S-Olive",0
"DUSG-014-XL-Beige",0
"DUSG-014-XL-Olive",0
"DUSG-015-L-Camel",0
"DUSG-015-L-Multi_colour",0
"DUSG-015-M-Camel",0
"DUSG-015-M-Multi_colour",0
"DUSG-015-S-Camel",0
"DUSG-015-S-Multi_colour",0
"DUSG-015-XL-Camel",0
"DUSG-015-XL-Multi_colour",0
"DUSG-016-10-Multi_colour",0
"DUSG-016-12-Multi_colour",0
"DUSG-016-8-Multi_colour",0
"DUSG-017-L-Multi_colour",0
"DUSG-017-M-Multi_colour",0
"DUSG-017-S-Multi_colour",0
"DUSG-017-XL-Multi_colour",0
"DUSG-018-10-Multi_colour",0
"DUSG-018-12-Multi_colour",0
"DUSG-018-8-Multi_colour",0
"DUSG-019-10-Ocean_Blue",0
"DUSG-019-6-Ocean_Blue",0
"DUSG-019-8-Ocean_Blue",0
"DUSG-020-L-Cappuccino",0
"DUSG-020-L-Mineral_Blue",0
"DUSG-020-M-Cappuccino",0
"DUSG-020-M-Mineral_Blue",0
"DUSG-020-S-Cappuccino",0
"DUSG-020-S-Mineral_Blue",0
"DUSG-020-XL-Cappuccino",0
"DUSG-020-XL-Mineral_Blue",0
"DUSG-021-10-Mineral_Blue",0
"DUSG-021-12-Mineral_Blue",0
"DUSG-021-8-Mineral_Blue",0
"DUSG-022-L-Natural",0
"DUSG-022-M-Natural",0
"DUSG-022-S-Natural",0
"DUSG-022-XL-Natural",0
"DUSG-023-10-Natural",0
"DUSG-023-12-Natural",0
"DUSG-023-8-Natural",0
"DUSG-024-L-Cappuccino",0
"DUSG-024-M-Cappuccino",0
"DUSG-024-S-Cappuccino",0
"DUSG-024-XL-Cappuccino",0
"DUSG-025-L-Cappuccino",0
"DUSG-025-M-Cappuccino",0
"DUSG-025-S-Cappuccino",0
"DUSG-025-XL-Cappuccino",0
"DUSG-026-L-Beige_All_over_printed",0
"DUSG-026-M-Beige_All_over_printed",0
"DUSG-026-S-Beige_All_over_printed",0
"DUSG-026-XL-Beige_All_over_printed",0
"DUSG-027-L-Natural",0
"DUSG-027-M-Natural",0
"DUSG-027-S-Natural",0
"DUSG-027-XL-Natural",0
"DUSG-028-L-Beige",0
"DUSG-028-M-Beige",0
"DUSG-028-S-Beige",0
"DUSG-028-XL-Beige",0
"DUSG-029-L-Beige",0
"DUSG-029-L-Olive",0
"DUSG-029-M-Beige",0
"DUSG-029-M-Olive",0
"DUSG-029-S-Beige",0
"DUSG-029-S-Olive",0
"DUSG-029-XL-Beige",0
"DUSG-029-XL-Olive",0
"DUSG-030-10-Beige",0
"DUSG-030-12-Beige",0
"DUSG-030-8-Beige",0
"DUSG-031-L-Green",0
"DUSG-031-L-Natural",0
"DUSG-031-M-Green",0
"DUSG-031-M-Natural",0
"DUSG-031-S-Green",0
"DUSG-031-S-Natural",0
"DUSG-031-XL-Green",0
"DUSG-031-XL-Natural",0
"DUSG-032-L-Green",0
"DUSG-032-L-Natural",0
"DUSG-032-M-Green",0
"DUSG-032-M-Natural",0
"DUSG-032-S-Green",0
"DUSG-032-S-Natural",0
"DUSG-032-XL-Green",0
"DUSG-032-XL-Natural",0
"DUSG-033-L-Brown_All_over_printed",0
"DUSG-033-L-Olive",0
"DUSG-033-M-Brown_All_over_printed",0
"DUSG-033-M-Olive",0
"DUSG-033-S-Brown_All_over_printed",0
"DUSG-033-S-Olive",0
"DUSG-033-XL-Brown_All_over_printed",0
"DUSG-033-XL-Olive",0
"DUSG-034-10-Brown_All_over_printed",0
"DUSG-034-10-Olive",0
"DUSG-034-12-Brown_All_over_printed",0
"DUSG-034-12-Olive",0
"DUSG-034-8-Brown_All_over_printed",0
"DUSG-034-8-Olive",0
"DUSG-035-L-Brown",0
"DUSG-035-L-Olive",0
"DUSG-035-M-Brown",0
"DUSG-035-M-Olive",0
"DUSG-035-S-Brown",0
"DUSG-035-S-Olive",0
"DUSG-035-XL-Brown",0
"DUSG-035-XL-Olive",0
"DUSG-036-10-Brown",0
"DUSG-036-10-Olive",0
"DUSG-036-12-Brown",0
"DUSG-036-12-Olive",0
"DUSG-036-8-Brown",0
"DUSG-036-8-Olive",0
"DUSG-037-L-Brown",0
"DUSG-037-L-Olive",0
"DUSG-037-M-Brown",0
"DUSG-037-M-Olive",0
"DUSG-037-S-Brown",0
"DUSG-037-S-Olive",0
"DUSG-037-XL-Brown",0
"DUSG-037-XL-Olive",0
"DUSG-038-10-Brown",0
"DUSG-038-10-Olive",0
"DUSG-038-12-Brown",0
"DUSG-038-12-Olive",0
"DUSG-038-8-Brown",0
"DUSG-038-8-Olive",0
"DUSG-039-L-Multicolour",0
"DUSG-039-M-Multicolour",0
"DUSG-039-S-Multicolour",0
"DUSG-039-XL-Multicolour",0
"DUSG-040-L-Multicolour",0
"DUSG-040-M-Multicolour",0
"DUSG-040-S-Multicolour",0
"DUSG-040-XL-Multicolour",0
"DUSG-041-L-Aqua",0
"DUSG-041-L-Natural",0
"DUSG-041-M-Aqua",0
"DUSG_301M_Natural_S",0
"DUSG_301M_Natural_M",16
"DUSG_301M_Natural_L",26
"DUSG_301M_Natural_XL",57
"DUSG_301M_Natural_XXL",27
"DUSG_301M_Natural_3XL",8
"DUSG_302M_Natural_S",0
"DUSG_302M_Natural_M",15
"DUSG_302M_Natural_L",27
"DUSG_302M_Natural_XL",0
"DUSG_302M_Natural_XXL",26
"DUSG_302M_Natural_3XL",8
"DUSG_303W_Natural_S",13
"DUSG_303W_Natural_M",19
"DUSG_303W_Natural_L",21
"DUSG_303W_Natural_XL",15
"DUSG_303W_Natural_XXL",22
"DUSG_303W_Natural_3XL",9
"DUSG_304W_Natural_S",13
"DUSG_304W_Natural_M",21
"DUSG_304W_Natural_L",21
"DUSG_304W_Natural_XL",19
"DUSG_304W_Natural_XXL",21
"DUSG_304W_Natural_3XL",7
"DUSG_262W_Aqua_S",6
"DUSG_262W_Aqua_M",15
"DUSG_262W_Aqua_L",14
"DUSG_262W_Aqual_XL",15
"DUSG_262W_Aqua_XXL",13
"DUSG_262W_Aqua_3XL",0
"DUSG_263W_Natural_S",8
"DUSG_263W_Natural_M",17
"DUSG_263W_Natural_L",16
"DUSG_263W_Natural_XL",16
"DUSG_263W_Natural_XXL",16
"DUSG_263W_Natural_3XL",0
"DUSG_265M_Aqua_S",6
"DUSG_265M_Aqua_M",14
"DUSG_265M_Aqua_L",10
"DUSG_265M_Aqua_XL",15
"DUSG_265M_Aqua_XXL",16
"DUSG_265M_Aqua_3XL",0
"DUSG_266M_Natural_S",7
"DUSG_266M_Natural_M",18
"DUSG_266M_Natural_L",18
"DUSG_266M_Natural_XL",17
"DUSG_266M_Natural_XXL",19
"DUSG_266M_Natural_3XL",0
"DUSG_267_BBF_3_month",7
"DUSG_267_BBF_6_month",18
"DUSG_267_BBF_9_month",18
"DUSG_267_BBF_12_month",5
"DUSG_267_BVB_3_month",0
"DUSG_267_BVB_6_month",15
"DUSG_267_BVB_9_month",14
"DUSG_267_BVB_12_month",2
"DUSG_267_BVF_3_month",1
"DUSG_267_BVF_6_month",13
"DUSG_267_BVF_9_month",20
"DUSG_267_BVF_12_month",0
"DUSG_268_BBF_3_month",2
"DUSG_268_BBF_6_month",15
"DUSG_268_BBF_9_month",12
"DUSG_268_BBF_12_month",14
"DUSG_268_BVB_3_month",1
"DUSG_268_BVB_6_month",14
"DUSG_268_BVB_9_month",13
"DUSG_268_BVB_12_month",2
"DUSG_268_BVF_3_month",3
"DUSG_268_BVF_6_month",14
"DUSG_268_BVF_9_month",15
"DUSG_268_BVF_12_month",3
"DUSG_269_BBF_ONE_SIZE",57
"DUSG_269_BVF_ONE_SIZE",55
"DUSG_270_BBG_ONE_SIZE",104
"DUSG_270_BFC_ONE_SIZE",96
"DUSG_271_BBF_3_month",3
"DUSG_271_BBF_6_month",14
"DUSG_271_BBF_9_month",15
"DUSG_271_BBF_12_month",3
"DUSG_271_BVB_3_month",4
"DUSG_271_BVB_6_month",11
"DUSG_271_BVB_9_month",13
"DUSG_271_BVB_12_month",0
"DUSG_271_BVF_3_month",0
"DUSG_271_BVF_6_month",12
"DUSG_271_BVF_9_month",11
"DUSG_271_BVF_12_month",0
